,Day,Date,Time
0,Monday,1900-01-15, 08:07:30 pm
1,Wednesday,1900-02-14, 02:50:12 pm
2,Friday,1900-03-16, 09:11:48 am
3,Sunday,1900-04-15, 02:02:06 am
4,Monday,1900-05-14, 04:36:36 pm
5,Wednesday,1900-06-13, 04:38:36 am
6,Thursday,1900-07-12, 02:21:54 pm
7,Friday,1900-08-10, 10:29:54 pm
8,Sunday,1900-09-09, 06:06:06 am
9,Monday,1900-10-08, 02:18:06 pm
10,Tuesday,1900-11-06, 11:59:36 pm
11,Thursday,1900-12-06, 11:38:06 am
12,Saturday,1901-01-05, 01:13:24 am
13,Sunday,1901-02-03, 04:29:42 pm
14,Tuesday,1901-03-05, 09:04:06 am
15,Thursday,1901-04-04, 02:20:06 am
16,Friday,1901-05-03, 07:18:42 pm
17,Sunday,1901-06-02, 10:52:42 am
18,Tuesday,1901-07-02, 12:17:36 am
19,Wednesday,1901-07-31, 11:33:42 am
20,Thursday,1901-08-29, 09:20:48 pm
21,Saturday,1901-09-28, 06:35:42 am
22,Sunday,1901-10-27, 04:06:12 pm
23,Tuesday,1901-11-26, 02:17:30 am
24,Wednesday,1901-12-25, 01:15:48 pm
25,Friday,1902-01-24, 01:06:06 am
26,Saturday,1902-02-22, 02:03:18 pm
27,Monday,1902-03-24, 04:21:12 am
28,Tuesday,1902-04-22, 07:49:30 pm
29,Thursday,1902-05-22, 11:46:00 am
30,Saturday,1902-06-21, 03:16:42 am
31,Sunday,1902-07-20, 05:45:00 pm
32,Tuesday,1902-08-19, 07:03:18 am
33,Wednesday,1902-09-17, 07:23:24 pm
34,Friday,1902-10-17, 07:01:06 am
35,Saturday,1902-11-15, 06:06:24 pm
36,Monday,1902-12-15, 04:47:24 am
37,Tuesday,1903-01-13, 03:17:12 pm
38,Thursday,1903-02-12, 01:57:42 am
39,Friday,1903-03-13, 01:12:48 pm
40,Sunday,1903-04-12, 01:18:18 am
41,Monday,1903-05-11, 02:17:54 pm
42,Wednesday,1903-06-10, 04:07:54 am
43,Thursday,1903-07-09, 06:43:06 pm
44,Saturday,1903-08-08, 09:54:12 am
45,Monday,1903-09-07, 01:19:48 am
46,Tuesday,1903-10-06, 04:23:30 pm
47,Thursday,1903-11-05, 06:27:24 am
48,Friday,1903-12-04, 07:12:42 pm
49,Sunday,1904-01-03, 06:47:18 am
50,Monday,1904-02-01, 05:33:00 pm
51,Wednesday,1904-03-02, 03:48:12 am
52,Thursday,1904-03-31, 01:44:18 pm
53,Friday,1904-04-29, 11:36:12 pm
54,Sunday,1904-05-29, 09:54:36 am
55,Monday,1904-06-27, 09:23:06 pm
56,Wednesday,1904-07-27, 10:41:48 am
57,Friday,1904-08-26, 02:02:00 am
58,Saturday,1904-09-24, 06:49:42 pm
59,Monday,1904-10-24, 11:55:54 am
60,Wednesday,1904-11-23, 04:12:06 am
61,Thursday,1904-12-22, 07:00:54 pm
62,Saturday,1905-01-21, 08:14:00 am
63,Sunday,1905-02-19, 07:51:48 pm
64,Tuesday,1905-03-21, 05:55:24 am
65,Wednesday,1905-04-19, 02:37:48 pm
66,Thursday,1905-05-18, 10:36:12 pm
67,Saturday,1905-06-17, 06:51:18 am
68,Sunday,1905-07-16, 04:31:30 pm
69,Tuesday,1905-08-15, 04:31:18 am
70,Wednesday,1905-09-13, 07:09:54 pm
71,Friday,1905-10-13, 12:02:30 pm
72,Sunday,1905-11-12, 06:11:12 am
73,Tuesday,1905-12-12, 12:25:18 am
74,Wednesday,1906-01-10, 05:36:18 pm
75,Friday,1906-02-09, 08:45:30 am
76,Saturday,1906-03-10, 09:17:06 pm
77,Monday,1906-04-09, 07:12:12 am
78,Tuesday,1906-05-08, 03:09:30 pm
79,Wednesday,1906-06-06, 10:11:30 pm
80,Friday,1906-07-06, 05:27:24 am
81,Saturday,1906-08-04, 01:59:36 pm
82,Monday,1906-09-03, 12:36:18 am
83,Tuesday,1906-10-02, 01:48:24 pm
84,Thursday,1906-11-01, 05:45:48 am
85,Saturday,1906-12-01, 12:07:00 am
86,Sunday,1906-12-30, 07:43:42 pm
87,Tuesday,1907-01-29, 02:45:00 pm
88,Thursday,1907-02-28, 07:22:42 am
89,Friday,1907-03-29, 08:44:18 pm
90,Sunday,1907-04-28, 07:04:36 am
91,Monday,1907-05-27, 03:17:42 pm
92,Tuesday,1907-06-25, 10:26:54 pm
93,Thursday,1907-07-25, 05:29:18 am
94,Friday,1907-08-23, 01:15:00 pm
95,Saturday,1907-09-21, 10:33:36 pm
96,Monday,1907-10-21, 10:16:30 am
97,Wednesday,1907-11-20, 01:04:12 am
98,Thursday,1907-12-19, 06:54:54 pm
99,Saturday,1908-01-18, 02:36:42 pm
100,Monday,1908-02-17, 10:05:12 am
101,Wednesday,1908-03-18, 03:28:18 am
102,Thursday,1908-04-16, 05:55:06 pm
103,Saturday,1908-05-16, 05:32:12 am
104,Sunday,1908-06-14, 02:55:06 pm
105,Monday,1908-07-13, 10:47:42 pm
106,Wednesday,1908-08-12, 05:58:42 am
107,Thursday,1908-09-10, 01:23:12 pm
108,Friday,1908-10-09, 10:03:12 pm
109,Sunday,1908-11-08, 08:57:54 am
110,Monday,1908-12-07, 10:43:54 pm
111,Wednesday,1909-01-06, 03:12:30 pm
112,Friday,1909-02-05, 09:24:30 am
113,Sunday,1909-03-07, 03:55:30 am
114,Monday,1909-04-05, 09:28:06 pm
115,Wednesday,1909-05-05, 01:07:30 pm
116,Friday,1909-06-04, 02:24:30 am
117,Saturday,1909-07-03, 01:17:06 pm
118,Sunday,1909-08-01, 10:13:42 pm
119,Tuesday,1909-08-31, 06:07:42 am
120,Wednesday,1909-09-29, 02:05:12 pm
121,Thursday,1909-10-28, 11:06:54 pm
122,Saturday,1909-11-27, 09:51:42 am
123,Sunday,1909-12-26, 10:29:42 pm
124,Tuesday,1910-01-25, 12:50:24 pm
125,Thursday,1910-02-24, 04:35:30 am
126,Friday,1910-03-25, 09:20:30 pm
127,Sunday,1910-04-24, 02:22:24 pm
128,Tuesday,1910-05-24, 06:38:48 am
129,Wednesday,1910-06-22, 09:11:36 pm
130,Friday,1910-07-22, 09:36:42 am
131,Saturday,1910-08-20, 08:13:48 pm
132,Monday,1910-09-19, 05:52:12 am
133,Tuesday,1910-10-18, 03:24:18 pm
134,Thursday,1910-11-17, 01:24:54 am
135,Friday,1910-12-16, 12:04:54 pm
136,Saturday,1911-01-14, 11:25:48 pm
137,Monday,1911-02-13, 11:37:12 am
138,Wednesday,1911-03-15, 12:58:06 am
139,Thursday,1911-04-13, 03:36:12 pm
140,Saturday,1911-05-13, 07:09:30 am
141,Sunday,1911-06-11, 10:50:30 pm
142,Tuesday,1911-07-11, 01:53:06 pm
143,Thursday,1911-08-10, 03:54:30 am
144,Friday,1911-09-08, 04:56:18 pm
145,Sunday,1911-10-08, 05:11:00 am
146,Monday,1911-11-06, 04:47:54 pm
147,Wednesday,1911-12-06, 03:51:42 am
148,Thursday,1912-01-04, 02:29:24 pm
149,Saturday,1912-02-03, 12:57:48 am
150,Sunday,1912-03-03, 11:41:36 am
151,Monday,1912-04-01, 11:04:18 pm
152,Wednesday,1912-05-01, 11:19:06 am
153,Friday,1912-05-31, 12:29:12 am
154,Saturday,1912-06-29, 02:33:30 pm
155,Monday,1912-07-29, 05:27:48 am
156,Tuesday,1912-08-27, 08:58:30 pm
157,Thursday,1912-09-26, 12:33:54 pm
158,Saturday,1912-10-26, 03:30:18 am
159,Sunday,1912-11-24, 05:11:54 pm
160,Tuesday,1912-12-24, 05:30:00 am
161,Wednesday,1913-01-22, 04:39:48 pm
162,Friday,1913-02-21, 03:03:06 am
163,Saturday,1913-03-22, 12:55:48 pm
164,Sunday,1913-04-20, 10:32:24 pm
165,Tuesday,1913-05-20, 08:17:54 am
166,Wednesday,1913-06-18, 06:53:18 pm
167,Friday,1913-07-18, 07:06:00 am
168,Saturday,1913-08-16, 09:26:36 pm
169,Monday,1913-09-15, 01:45:30 pm
170,Wednesday,1913-10-15, 07:06:24 am
171,Friday,1913-11-14, 12:11:06 am
172,Saturday,1913-12-13, 04:00:00 pm
173,Monday,1914-01-12, 06:08:42 am
174,Tuesday,1914-02-10, 06:34:18 pm
175,Thursday,1914-03-12, 05:18:12 am
176,Friday,1914-04-10, 02:27:54 pm
177,Saturday,1914-05-09, 10:30:24 pm
178,Monday,1914-06-08, 06:18:06 am
179,Tuesday,1914-07-07, 02:59:24 pm
180,Thursday,1914-08-06, 01:40:18 am
181,Friday,1914-09-04, 03:00:48 pm
182,Sunday,1914-10-04, 06:58:30 am
183,Tuesday,1914-11-03, 12:48:18 am
184,Wednesday,1914-12-02, 07:20:12 pm
185,Friday,1915-01-01, 01:20:12 pm
186,Sunday,1915-01-31, 05:40:54 am
187,Monday,1915-03-01, 07:32:24 pm
188,Wednesday,1915-03-31, 06:37:24 am
189,Thursday,1915-04-29, 03:19:06 pm
190,Friday,1915-05-28, 10:32:30 pm
191,Sunday,1915-06-27, 05:27:00 am
192,Monday,1915-07-26, 01:10:42 pm
193,Tuesday,1915-08-24, 10:40:06 pm
194,Thursday,1915-09-23, 10:34:48 am
195,Saturday,1915-10-23, 01:15:12 am
196,Sunday,1915-11-21, 06:36:00 pm
197,Tuesday,1915-12-21, 01:51:54 pm
198,Thursday,1916-01-20, 09:28:36 am
199,Saturday,1916-02-19, 03:28:12 am
200,Sunday,1916-03-19, 06:26:18 pm
201,Tuesday,1916-04-18, 06:07:12 am
202,Wednesday,1916-05-17, 04:11:06 pm
203,Thursday,1916-06-15, 11:41:18 pm
204,Saturday,1916-07-15, 06:39:48 am
205,Sunday,1916-08-13, 02:00:00 pm
206,Monday,1916-09-11, 10:30:30 pm
207,Wednesday,1916-10-11, 08:00:42 am
208,Thursday,1916-11-09, 09:17:42 pm
209,Saturday,1916-12-09, 01:43:24 pm
210,Monday,1917-01-08, 08:41:36 am
211,Wednesday,1917-02-07, 04:28:06 am
212,Thursday,1917-03-08, 10:57:42 pm
213,Saturday,1917-04-07, 02:48:30 pm
214,Monday,1917-05-07, 04:42:54 am
215,Tuesday,1917-06-05, 03:06:24 pm
216,Wednesday,1917-07-04, 11:40:12 pm
217,Friday,1917-08-03, 07:10:30 am
218,Saturday,1917-09-01, 02:28:12 pm
219,Sunday,1917-09-30, 09:30:48 pm
220,Tuesday,1917-10-30, 07:18:48 am
221,Wednesday,1917-11-28, 07:41:00 pm
222,Friday,1917-12-28, 10:51:18 am
223,Sunday,1918-01-27, 04:13:42 am
224,Monday,1918-02-25, 10:34:18 pm
225,Wednesday,1918-03-27, 04:32:24 pm
226,Friday,1918-04-26, 10:05:06 am
227,Sunday,1918-05-26, 12:32:12 am
228,Monday,1918-06-24, 12:37:54 pm
229,Tuesday,1918-07-23, 10:34:24 pm
230,Thursday,1918-08-22, 07:01:54 am
231,Friday,1918-09-20, 02:00:42 pm
232,Saturday,1918-10-19, 10:34:24 pm
233,Monday,1918-11-18, 08:32:36 am
234,Tuesday,1918-12-17, 08:17:06 pm
235,Thursday,1919-01-16, 09:44:00 am
236,Saturday,1919-02-15, 12:37:42 am
237,Sunday,1919-03-16, 04:40:42 pm
238,Tuesday,1919-04-15, 09:24:48 am
239,Thursday,1919-05-15, 02:00:54 am
240,Friday,1919-06-13, 05:27:54 pm
241,Sunday,1919-07-13, 07:01:54 am
242,Monday,1919-08-11, 06:39:06 pm
243,Wednesday,1919-09-10, 04:54:00 am
244,Thursday,1919-10-09, 02:38:18 pm
245,Saturday,1919-11-08, 12:34:48 am
246,Sunday,1919-12-07, 11:03:06 am
247,Monday,1920-01-05, 10:04:30 pm
248,Wednesday,1920-02-04, 09:42:00 am
249,Thursday,1920-03-04, 10:12:12 pm
250,Saturday,1920-04-03, 11:54:18 am
251,Monday,1920-05-03, 02:46:54 am
252,Tuesday,1920-06-01, 06:17:48 pm
253,Thursday,1920-07-01, 09:40:18 am
254,Saturday,1920-07-31, 12:19:00 am
255,Sunday,1920-08-29, 02:02:24 pm
256,Tuesday,1920-09-28, 02:56:18 am
257,Wednesday,1920-10-27, 03:08:36 pm
258,Friday,1920-11-26, 02:42:00 am
259,Saturday,1920-12-25, 01:38:12 pm
260,Monday,1921-01-24, 12:07:30 am
261,Tuesday,1921-02-22, 10:31:54 am
262,Wednesday,1921-03-23, 09:18:24 pm
263,Friday,1921-04-22, 08:49:00 am
264,Saturday,1921-05-21, 09:15:00 pm
265,Monday,1921-06-20, 10:40:54 am
266,Wednesday,1921-07-20, 01:07:18 am
267,Thursday,1921-08-18, 04:28:00 pm
268,Saturday,1921-09-17, 08:19:36 am
269,Sunday,1921-10-16, 11:59:12 pm
270,Tuesday,1921-11-15, 02:38:48 pm
271,Thursday,1921-12-15, 03:50:12 am
272,Friday,1922-01-13, 03:36:06 pm
273,Sunday,1922-02-12, 02:17:00 am
274,Monday,1922-03-13, 12:14:00 pm
275,Tuesday,1922-04-11, 09:43:12 pm
276,Thursday,1922-05-11, 07:05:48 am
277,Friday,1922-06-09, 04:57:36 pm
278,Sunday,1922-07-09, 04:06:54 am
279,Monday,1922-08-07, 05:18:24 pm
280,Wednesday,1922-09-06, 08:46:54 am
281,Friday,1922-10-06, 01:58:00 am
282,Saturday,1922-11-04, 07:36:12 pm
283,Monday,1922-12-04, 12:23:18 pm
284,Wednesday,1923-01-03, 03:33:12 am
285,Thursday,1923-02-01, 04:53:00 pm
286,Saturday,1923-03-03, 04:23:24 am
287,Sunday,1923-04-01, 02:09:36 pm
288,Monday,1923-04-30, 10:30:06 pm
289,Wednesday,1923-05-30, 06:07:00 am
290,Thursday,1923-06-28, 02:04:06 pm
291,Friday,1923-07-27, 11:32:24 pm
292,Sunday,1923-08-26, 11:29:12 am
293,Tuesday,1923-09-25, 02:15:36 am
294,Wednesday,1923-10-24, 07:26:06 pm
295,Friday,1923-11-23, 01:57:42 pm
296,Sunday,1923-12-23, 08:32:54 am
297,Tuesday,1924-01-22, 01:56:36 am
298,Wednesday,1924-02-20, 05:07:00 pm
299,Friday,1924-03-21, 05:29:54 am
300,Saturday,1924-04-19, 03:10:30 pm
301,Sunday,1924-05-18, 10:52:18 pm
302,Tuesday,1924-06-17, 05:41:18 am
303,Wednesday,1924-07-16, 12:48:48 pm
304,Thursday,1924-08-14, 09:18:54 pm
305,Saturday,1924-09-13, 07:59:42 am
306,Sunday,1924-10-12, 09:21:06 pm
307,Tuesday,1924-11-11, 01:30:30 pm
308,Thursday,1924-12-11, 08:03:18 am
309,Saturday,1925-01-10, 03:47:12 am
310,Sunday,1925-02-08, 10:48:54 pm
311,Tuesday,1925-03-10, 03:20:42 pm
312,Thursday,1925-04-09, 04:32:36 am
313,Friday,1925-05-08, 02:42:30 pm
314,Saturday,1925-06-06, 10:47:36 pm
315,Monday,1925-07-06, 05:53:36 am
316,Tuesday,1925-08-04, 12:58:48 pm
317,Wednesday,1925-09-02, 08:52:48 pm
318,Friday,1925-10-02, 06:22:42 am
319,Saturday,1925-10-31, 06:16:30 pm
320,Monday,1925-11-30, 09:10:48 am
321,Wednesday,1925-12-30, 03:01:18 am
322,Thursday,1926-01-28, 10:35:12 pm
323,Saturday,1926-02-27, 05:50:36 pm
324,Monday,1926-03-29, 11:00:06 am
325,Wednesday,1926-04-28, 01:16:30 am
326,Thursday,1926-05-27, 12:48:30 pm
327,Friday,1926-06-25, 10:12:36 pm
328,Sunday,1926-07-25, 06:13:12 am
329,Monday,1926-08-23, 01:37:36 pm
330,Tuesday,1926-09-21, 09:18:54 pm
331,Thursday,1926-10-21, 06:15:00 am
332,Friday,1926-11-19, 05:20:54 pm
333,Sunday,1926-12-19, 07:08:36 am
334,Monday,1927-01-17, 11:26:42 pm
335,Wednesday,1927-02-16, 05:17:54 pm
336,Friday,1927-03-18, 11:24:00 am
337,Sunday,1927-04-17, 04:35:12 am
338,Monday,1927-05-16, 08:02:36 pm
339,Wednesday,1927-06-15, 09:19:12 am
340,Thursday,1927-07-14, 08:22:18 pm
341,Saturday,1927-08-13, 05:37:06 am
342,Sunday,1927-09-11, 01:53:42 pm
343,Monday,1927-10-10, 10:14:30 pm
344,Wednesday,1927-11-09, 07:36:00 am
345,Thursday,1927-12-08, 06:31:48 pm
346,Saturday,1928-01-07, 07:07:36 am
347,Sunday,1928-02-05, 09:10:48 pm
348,Tuesday,1928-03-06, 12:26:48 pm
349,Thursday,1928-04-05, 04:38:12 am
350,Friday,1928-05-04, 09:11:42 pm
351,Sunday,1928-06-03, 01:13:18 pm
352,Tuesday,1928-07-03, 03:48:24 am
353,Wednesday,1928-08-01, 04:30:24 pm
354,Friday,1928-08-31, 03:33:54 am
355,Saturday,1928-09-29, 01:42:24 pm
356,Sunday,1928-10-28, 11:43:12 pm
357,Tuesday,1928-11-27, 10:05:24 am
358,Wednesday,1928-12-26, 08:54:36 pm
359,Friday,1929-01-25, 08:09:00 am
360,Saturday,1929-02-23, 07:58:30 pm
361,Monday,1929-03-25, 08:46:06 am
362,Tuesday,1929-04-23, 10:47:18 pm
363,Thursday,1929-05-23, 01:49:42 pm
364,Saturday,1929-06-22, 05:14:54 am
365,Sunday,1929-07-21, 08:20:36 pm
366,Tuesday,1929-08-20, 10:42:12 am
367,Thursday,1929-09-19, 12:15:42 am
368,Friday,1929-10-18, 01:05:48 pm
369,Sunday,1929-11-17, 01:14:06 am
370,Monday,1929-12-16, 12:38:06 pm
371,Tuesday,1930-01-14, 11:20:54 pm
372,Thursday,1930-02-13, 09:38:30 am
373,Friday,1930-03-14, 07:58:12 pm
374,Sunday,1930-04-13, 06:48:24 am
375,Monday,1930-05-12, 06:29:12 pm
376,Wednesday,1930-06-11, 07:11:36 am
377,Thursday,1930-07-10, 09:01:00 pm
378,Saturday,1930-08-09, 11:57:30 am
379,Monday,1930-09-08, 03:47:42 am
380,Tuesday,1930-10-07, 07:55:30 pm
381,Thursday,1930-11-06, 11:28:06 am
382,Saturday,1930-12-06, 01:39:48 am
383,Sunday,1931-01-04, 02:14:48 pm
384,Tuesday,1931-02-03, 01:25:48 am
385,Wednesday,1931-03-04, 11:35:54 am
386,Thursday,1931-04-02, 09:05:24 pm
387,Saturday,1931-05-02, 06:14:18 am
388,Sunday,1931-05-31, 03:32:54 pm
389,Tuesday,1931-06-30, 01:46:48 am
390,Wednesday,1931-07-29, 01:47:24 pm
391,Friday,1931-08-28, 04:09:24 am
392,Saturday,1931-09-26, 08:44:48 pm
393,Monday,1931-10-26, 02:33:54 pm
394,Wednesday,1931-11-25, 08:09:48 am
395,Friday,1931-12-25, 12:23:24 am
396,Saturday,1932-01-23, 02:44:06 pm
397,Monday,1932-02-22, 03:07:18 am
398,Tuesday,1932-03-22, 01:37:18 pm
399,Wednesday,1932-04-20, 10:27:00 pm
400,Friday,1932-05-20, 06:08:36 am
401,Saturday,1932-06-18, 01:38:00 pm
402,Sunday,1932-07-17, 10:06:12 pm
403,Tuesday,1932-08-16, 08:41:24 am
404,Wednesday,1932-09-14, 10:06:00 pm
405,Friday,1932-10-14, 02:17:36 pm
406,Sunday,1932-11-13, 08:28:00 am
407,Tuesday,1932-12-13, 03:20:54 am
408,Wednesday,1933-01-11, 09:35:36 pm
409,Friday,1933-02-10, 02:00:24 pm
410,Sunday,1933-03-12, 03:45:36 am
411,Monday,1933-04-10, 02:37:36 pm
412,Tuesday,1933-05-09, 11:04:18 pm
413,Thursday,1933-06-08, 06:04:36 am
414,Friday,1933-07-07, 12:50:30 pm
415,Saturday,1933-08-05, 08:31:30 pm
416,Monday,1933-09-04, 06:04:18 am
417,Tuesday,1933-10-03, 06:07:36 pm
418,Thursday,1933-11-02, 08:59:12 am
419,Saturday,1933-12-02, 02:30:54 am
420,Sunday,1933-12-31, 09:53:54 pm
421,Tuesday,1934-01-30, 05:31:24 pm
422,Thursday,1934-03-01, 11:25:36 am
423,Saturday,1934-03-31, 02:14:30 am
424,Sunday,1934-04-29, 01:45:24 pm
425,Monday,1934-05-28, 10:41:18 pm
426,Wednesday,1934-06-27, 06:07:48 am
427,Thursday,1934-07-26, 01:08:30 pm
428,Friday,1934-08-24, 08:36:42 pm
429,Sunday,1934-09-23, 05:18:48 am
430,Monday,1934-10-22, 04:01:00 pm
431,Wednesday,1934-11-21, 05:26:12 am
432,Thursday,1934-12-20, 09:53:12 pm
433,Saturday,1935-01-19, 04:44:12 pm
434,Monday,1935-02-18, 12:17:06 pm
435,Wednesday,1935-03-20, 06:31:18 am
436,Thursday,1935-04-18, 10:09:36 pm
437,Saturday,1935-05-18, 10:57:00 am
438,Sunday,1935-06-16, 09:20:00 pm
439,Tuesday,1935-07-16, 06:00:24 am
440,Wednesday,1935-08-14, 01:43:30 pm
441,Thursday,1935-09-12, 09:18:12 pm
442,Saturday,1935-10-12, 05:39:00 am
443,Sunday,1935-11-10, 03:41:42 pm
444,Tuesday,1935-12-10, 04:10:12 am
445,Wednesday,1936-01-08, 07:14:36 pm
446,Friday,1936-02-07, 12:18:48 pm
447,Sunday,1936-03-08, 06:13:30 am
448,Monday,1936-04-06, 11:46:18 pm
449,Wednesday,1936-05-06, 04:01:06 pm
450,Friday,1936-06-05, 06:22:18 am
451,Saturday,1936-07-04, 06:34:24 pm
452,Monday,1936-08-03, 04:47:12 am
453,Tuesday,1936-09-01, 01:37:18 pm
454,Wednesday,1936-09-30, 10:00:48 pm
455,Friday,1936-10-30, 06:57:30 am
456,Saturday,1936-11-28, 05:11:48 pm
457,Monday,1936-12-28, 05:00:06 am
458,Tuesday,1937-01-26, 06:15:18 pm
459,Thursday,1937-02-25, 08:43:12 am
460,Saturday,1937-03-27, 12:12:12 am
461,Sunday,1937-04-25, 04:23:30 pm
462,Tuesday,1937-05-25, 08:37:36 am
463,Wednesday,1937-06-23, 11:59:30 pm
464,Friday,1937-07-23, 01:45:30 pm
465,Sunday,1937-08-22, 01:47:00 am
466,Monday,1937-09-20, 12:32:24 pm
467,Tuesday,1937-10-19, 10:47:24 pm
468,Thursday,1937-11-18, 09:09:30 am
469,Friday,1937-12-17, 07:52:24 pm
470,Sunday,1938-01-16, 06:53:18 am
471,Monday,1938-02-14, 06:14:24 pm
472,Wednesday,1938-03-16, 06:15:06 am
473,Thursday,1938-04-14, 07:20:48 pm
474,Saturday,1938-05-14, 09:38:54 am
475,Monday,1938-06-13, 12:47:00 am
476,Tuesday,1938-07-12, 04:04:30 pm
477,Thursday,1938-08-11, 06:56:48 am
478,Friday,1938-09-09, 09:08:06 pm
479,Sunday,1938-10-09, 10:37:00 am
480,Monday,1938-11-07, 11:23:24 pm
481,Wednesday,1938-12-07, 11:22:06 am
482,Thursday,1939-01-05, 10:29:42 pm
483,Saturday,1939-02-04, 08:54:36 am
484,Sunday,1939-03-05, 07:00:24 pm
485,Tuesday,1939-04-04, 05:18:00 am
486,Wednesday,1939-05-03, 04:15:18 pm
487,Friday,1939-06-02, 04:10:54 am
488,Saturday,1939-07-01, 05:16:00 pm
489,Monday,1939-07-31, 07:36:30 am
490,Tuesday,1939-08-29, 11:08:36 pm
491,Thursday,1939-09-28, 03:27:00 pm
492,Saturday,1939-10-28, 07:41:36 am
493,Sunday,1939-11-26, 10:54:18 pm
494,Tuesday,1939-12-26, 12:28:24 pm
495,Thursday,1940-01-25, 12:21:54 am
496,Friday,1940-02-23, 10:55:24 am
497,Saturday,1940-03-23, 08:33:12 pm
498,Monday,1940-04-22, 06:36:54 am
499,Tuesday,1940-05-21, 03:32:54 pm
500,Thursday,1940-06-20, 01:01:36 am
501,Friday,1940-07-19, 11:55:18 am
502,Sunday,1940-08-18, 01:02:24 am
503,Monday,1940-09-16, 04:40:42 pm
504,Wednesday,1940-10-16, 10:14:54 am
505,Friday,1940-11-15, 04:23:12 am
506,Saturday,1940-12-14, 09:37:36 pm
507,Monday,1941-01-13, 01:04:00 pm
508,Wednesday,1941-02-12, 02:26:24 am
509,Thursday,1941-03-13, 01:46:42 pm
510,Friday,1941-04-11, 11:15:00 pm
511,Sunday,1941-05-11, 07:15:18 am
512,Monday,1941-06-09, 02:34:00 pm
513,Tuesday,1941-07-08, 10:17:18 pm
514,Thursday,1941-08-07, 07:38:18 am
515,Friday,1941-09-05, 07:35:54 pm
516,Sunday,1941-10-05, 10:32:12 am
517,Tuesday,1941-11-04, 03:59:42 am
518,Wednesday,1941-12-03, 10:50:54 pm
519,Friday,1942-01-02, 05:41:42 pm
520,Sunday,1942-02-01, 11:12:18 am
521,Tuesday,1942-03-03, 02:19:48 am
522,Wednesday,1942-04-01, 02:32:12 pm
523,Thursday,1942-04-30, 11:59:30 pm
524,Saturday,1942-05-30, 07:28:54 am
525,Sunday,1942-06-28, 02:09:18 pm
526,Monday,1942-07-27, 09:13:36 pm
527,Wednesday,1942-08-26, 05:46:06 am
528,Thursday,1942-09-24, 04:34:06 pm
529,Saturday,1942-10-24, 06:05:18 am
530,Sunday,1942-11-22, 09:24:12 pm
531,Tuesday,1942-12-22, 04:03:06 pm
532,Thursday,1943-01-21, 11:47:48 am
533,Saturday,1943-02-20, 06:44:42 am
534,Sunday,1943-03-21, 11:08:00 pm
535,Tuesday,1943-04-20, 01:10:30 pm
536,Wednesday,1943-05-19, 11:12:48 pm
537,Friday,1943-06-18, 07:14:00 am
538,Saturday,1943-07-17, 02:21:30 pm
539,Sunday,1943-08-15, 09:33:54 pm
540,Tuesday,1943-09-14, 05:39:36 am
541,Wednesday,1943-10-13, 02:22:36 pm
542,Friday,1943-11-12, 02:26:36 am
543,Saturday,1943-12-11, 05:24:24 pm
544,Monday,1944-01-10, 11:09:18 am
545,Wednesday,1944-02-09, 06:29:30 am
546,Friday,1944-03-10, 01:27:36 am
547,Saturday,1944-04-08, 07:21:36 pm
548,Monday,1944-05-08, 09:28:06 am
549,Tuesday,1944-06-06, 08:57:36 pm
550,Thursday,1944-07-06, 06:26:42 am
551,Friday,1944-08-04, 02:39:12 pm
552,Saturday,1944-09-02, 10:20:54 pm
553,Monday,1944-10-02, 05:21:42 am
554,Tuesday,1944-10-31, 02:35:24 pm
555,Thursday,1944-11-30, 01:51:42 am
556,Friday,1944-12-29, 03:38:06 pm
557,Sunday,1945-01-28, 07:41:06 am
558,Tuesday,1945-02-27, 01:06:42 am
559,Wednesday,1945-03-28, 06:44:24 pm
560,Friday,1945-04-27, 12:32:42 pm
561,Sunday,1945-05-27, 04:48:48 am
562,Monday,1945-06-25, 06:07:54 pm
563,Wednesday,1945-07-25, 05:25:30 am
564,Thursday,1945-08-23, 03:02:54 pm
565,Friday,1945-09-21, 11:45:36 pm
566,Sunday,1945-10-21, 07:31:42 am
567,Monday,1945-11-19, 04:12:48 pm
568,Wednesday,1945-12-19, 03:17:24 am
569,Thursday,1946-01-17, 03:46:30 pm
570,Saturday,1946-02-16, 05:27:48 am
571,Sunday,1946-03-17, 08:11:00 pm
572,Tuesday,1946-04-16, 12:47:00 pm
573,Thursday,1946-05-16, 04:52:30 am
574,Friday,1946-06-14, 08:41:36 pm
575,Sunday,1946-07-14, 11:22:36 am
576,Tuesday,1946-08-13, 12:25:48 am
577,Wednesday,1946-09-11, 11:59:24 am
578,Thursday,1946-10-10, 09:40:24 pm
579,Saturday,1946-11-09, 08:10:12 am
580,Sunday,1946-12-08, 06:52:00 pm
581,Tuesday,1947-01-07, 05:46:42 am
582,Wednesday,1947-02-05, 04:50:24 pm
583,Friday,1947-03-07, 04:15:06 am
584,Saturday,1947-04-05, 04:28:18 pm
585,Monday,1947-05-05, 06:53:12 am
586,Tuesday,1947-06-03, 10:26:42 pm
587,Thursday,1947-07-03, 12:38:30 pm
588,Saturday,1947-08-02, 03:49:54 am
589,Sunday,1947-08-31, 06:34:00 pm
590,Tuesday,1947-09-30, 08:40:48 am
591,Wednesday,1947-10-29, 09:06:48 pm
592,Friday,1947-11-28, 09:45:12 am
593,Saturday,1947-12-27, 09:26:54 pm
594,Monday,1948-01-26, 08:11:24 am
595,Tuesday,1948-02-24, 06:15:36 pm
596,Thursday,1948-03-25, 04:10:06 am
597,Friday,1948-04-23, 03:28:18 pm
598,Sunday,1948-05-23, 02:37:00 am
599,Monday,1948-06-21, 02:54:00 pm
600,Wednesday,1948-07-21, 04:31:00 am
601,Thursday,1948-08-19, 07:31:42 pm
602,Saturday,1948-09-18, 11:42:48 am
603,Monday,1948-10-18, 03:23:24 am
604,Tuesday,1948-11-16, 07:31:24 pm
605,Thursday,1948-12-16, 10:10:54 am
606,Friday,1949-01-14, 10:59:30 pm
607,Sunday,1949-02-13, 10:08:12 am
608,Monday,1949-03-14, 08:02:48 pm
609,Wednesday,1949-04-13, 06:08:24 am
610,Thursday,1949-05-12, 02:50:48 pm
611,Friday,1949-06-10, 11:45:12 pm
612,Sunday,1949-07-10, 09:41:06 am
613,Monday,1949-08-08, 09:33:12 pm
614,Wednesday,1949-09-07, 11:59:18 am
615,Friday,1949-10-07, 03:52:36 am
616,Saturday,1949-11-05, 10:09:00 pm
617,Monday,1949-12-05, 04:13:30 pm
618,Wednesday,1950-01-04, 08:47:48 am
619,Thursday,1950-02-02, 11:16:06 pm
620,Saturday,1950-03-04, 11:33:48 am
621,Sunday,1950-04-02, 09:48:48 pm
622,Tuesday,1950-05-02, 06:19:30 am
623,Wednesday,1950-05-31, 01:43:00 pm
624,Thursday,1950-06-29, 08:58:06 pm
625,Saturday,1950-07-29, 05:17:36 am
626,Sunday,1950-08-27, 03:50:54 pm
627,Tuesday,1950-09-26, 05:21:24 am
628,Wednesday,1950-10-25, 09:46:24 pm
629,Friday,1950-11-24, 04:14:06 pm
630,Sunday,1950-12-24, 11:22:54 am
631,Tuesday,1951-01-23, 05:47:00 am
632,Wednesday,1951-02-21, 10:12:12 pm
633,Friday,1951-03-23, 11:49:48 am
634,Saturday,1951-04-21, 10:29:54 pm
635,Monday,1951-05-21, 06:44:42 am
636,Tuesday,1951-06-19, 01:35:54 pm
637,Wednesday,1951-07-18, 08:17:24 pm
638,Friday,1951-08-17, 03:59:24 am
639,Saturday,1951-09-15, 01:38:24 pm
640,Monday,1951-10-15, 01:50:54 am
641,Tuesday,1951-11-13, 04:52:06 pm
642,Thursday,1951-12-13, 10:30:24 am
643,Saturday,1952-01-12, 05:55:00 am
644,Monday,1952-02-11, 01:28:12 am
645,Tuesday,1952-03-11, 07:13:54 pm
646,Thursday,1952-04-10, 09:53:12 am
647,Friday,1952-05-09, 09:15:48 pm
648,Sunday,1952-06-08, 06:06:54 am
649,Monday,1952-07-07, 01:33:30 pm
650,Tuesday,1952-08-05, 08:40:00 pm
651,Thursday,1952-09-04, 04:19:18 am
652,Friday,1952-10-03, 01:15:12 pm
653,Sunday,1952-11-02, 12:09:42 am
654,Monday,1952-12-01, 01:41:24 pm
655,Wednesday,1952-12-31, 06:05:36 am
656,Friday,1953-01-30, 12:44:12 am
657,Saturday,1953-02-28, 07:58:42 pm
658,Monday,1953-03-30, 01:54:54 pm
659,Wednesday,1953-04-29, 05:20:24 am
660,Thursday,1953-05-28, 06:02:54 pm
661,Saturday,1953-06-27, 04:29:18 am
662,Sunday,1953-07-26, 01:20:36 pm
663,Monday,1953-08-24, 09:20:42 pm
664,Wednesday,1953-09-23, 05:15:36 am
665,Thursday,1953-10-22, 01:55:42 pm
666,Saturday,1953-11-21, 12:12:06 am
667,Sunday,1953-12-20, 12:43:30 pm
668,Tuesday,1954-01-19, 03:36:48 am
669,Wednesday,1954-02-17, 08:17:18 pm
670,Friday,1954-03-19, 01:42:24 pm
671,Sunday,1954-04-18, 06:48:30 am
672,Monday,1954-05-17, 10:46:54 pm
673,Wednesday,1954-06-16, 01:05:42 pm
674,Friday,1954-07-16, 01:29:00 am
675,Saturday,1954-08-14, 12:03:00 pm
676,Sunday,1954-09-12, 09:19:24 pm
677,Tuesday,1954-10-12, 06:09:48 am
678,Wednesday,1954-11-10, 03:29:06 pm
679,Friday,1954-12-10, 01:56:36 am
680,Saturday,1955-01-08, 01:44:06 pm
681,Monday,1955-02-07, 02:42:42 am
682,Tuesday,1955-03-08, 04:41:12 pm
683,Thursday,1955-04-07, 07:34:48 am
684,Friday,1955-05-06, 11:14:00 pm
685,Sunday,1955-06-05, 03:08:24 pm
686,Tuesday,1955-07-05, 06:28:36 am
687,Wednesday,1955-08-03, 08:30:06 pm
688,Friday,1955-09-02, 08:59:18 am
689,Saturday,1955-10-01, 08:17:24 pm
690,Monday,1955-10-31, 07:03:48 am
691,Tuesday,1955-11-29, 05:49:48 pm
692,Thursday,1955-12-29, 04:43:54 am
693,Friday,1956-01-27, 03:40:18 pm
694,Sunday,1956-02-26, 02:41:36 am
695,Monday,1956-03-26, 02:11:06 pm
696,Wednesday,1956-04-25, 02:40:30 am
697,Thursday,1956-05-24, 04:25:48 pm
698,Saturday,1956-06-23, 07:13:30 am
699,Sunday,1956-07-22, 10:29:00 pm
700,Tuesday,1956-08-21, 01:37:48 pm
701,Thursday,1956-09-20, 04:19:24 am
702,Friday,1956-10-19, 06:24:36 pm
703,Sunday,1956-11-18, 07:44:36 am
704,Monday,1956-12-17, 08:06:18 pm
705,Wednesday,1957-01-16, 07:21:24 am
706,Thursday,1957-02-14, 05:37:48 pm
707,Saturday,1957-03-16, 03:21:48 am
708,Sunday,1957-04-14, 01:09:18 pm
709,Monday,1957-05-13, 11:34:18 pm
710,Wednesday,1957-06-12, 11:01:54 am
711,Thursday,1957-07-11, 11:49:42 pm
712,Saturday,1957-08-10, 02:08:12 pm
713,Monday,1957-09-09, 05:55:06 am
714,Tuesday,1957-10-08, 10:42:12 pm
715,Thursday,1957-11-07, 03:32:00 pm
716,Saturday,1957-12-07, 07:15:54 am
717,Sunday,1958-01-05, 09:08:48 pm
718,Tuesday,1958-02-04, 09:05:30 am
719,Wednesday,1958-03-05, 07:27:54 pm
720,Friday,1958-04-04, 04:44:48 am
721,Saturday,1958-05-03, 01:23:18 pm
722,Sunday,1958-06-01, 09:55:06 pm
723,Tuesday,1958-07-01, 07:04:30 am
724,Wednesday,1958-07-30, 05:46:48 pm
725,Friday,1958-08-29, 06:53:24 am
726,Saturday,1958-09-27, 10:43:42 pm
727,Monday,1958-10-27, 04:41:00 pm
728,Wednesday,1958-11-26, 11:16:42 am
729,Friday,1958-12-26, 04:54:06 am
730,Saturday,1959-01-24, 08:32:30 pm
731,Monday,1959-02-23, 09:53:48 am
732,Tuesday,1959-03-24, 09:02:24 pm
733,Thursday,1959-04-23, 06:13:18 am
734,Friday,1959-05-22, 01:55:48 pm
735,Saturday,1959-06-20, 08:59:42 pm
736,Monday,1959-07-20, 04:33:12 am
737,Tuesday,1959-08-18, 01:50:30 pm
738,Thursday,1959-09-17, 01:51:36 am
739,Friday,1959-10-16, 04:58:30 pm
740,Sunday,1959-11-15, 10:41:48 am
741,Tuesday,1959-12-15, 05:48:48 am
742,Thursday,1960-01-14, 12:50:36 am
743,Friday,1960-02-12, 06:23:54 pm
744,Sunday,1960-03-13, 09:25:48 am
745,Monday,1960-04-11, 09:27:18 pm
746,Wednesday,1960-05-11, 06:42:18 am
747,Thursday,1960-06-09, 02:01:48 pm
748,Friday,1960-07-08, 08:36:36 pm
749,Sunday,1960-08-07, 03:40:54 am
750,Monday,1960-09-05, 12:18:42 pm
751,Tuesday,1960-10-04, 11:16:06 pm
752,Thursday,1960-11-03, 12:57:36 pm
753,Saturday,1960-12-03, 05:24:24 am
754,Monday,1961-01-02, 12:05:54 am
755,Tuesday,1961-01-31, 07:46:42 pm
756,Thursday,1961-03-02, 02:34:36 pm
757,Saturday,1961-04-01, 06:47:06 am
758,Sunday,1961-04-30, 07:40:30 pm
759,Tuesday,1961-05-30, 05:37:00 am
760,Wednesday,1961-06-28, 01:37:30 pm
761,Thursday,1961-07-27, 08:50:06 pm
762,Saturday,1961-08-26, 04:13:18 am
763,Sunday,1961-09-24, 12:33:24 pm
764,Monday,1961-10-23, 10:30:30 pm
765,Wednesday,1961-11-22, 10:43:42 am
766,Friday,1961-12-22, 01:41:48 am
767,Saturday,1962-01-20, 07:16:18 pm
768,Monday,1962-02-19, 02:17:54 pm
769,Wednesday,1962-03-21, 08:55:24 am
770,Friday,1962-04-20, 01:33:18 am
771,Saturday,1962-05-19, 03:31:48 pm
772,Monday,1962-06-18, 03:02:12 am
773,Tuesday,1962-07-17, 12:40:30 pm
774,Wednesday,1962-08-15, 09:09:12 pm
775,Friday,1962-09-14, 05:11:18 am
776,Saturday,1962-10-13, 01:32:54 pm
777,Sunday,1962-11-11, 11:03:24 pm
778,Tuesday,1962-12-11, 10:27:24 am
779,Thursday,1963-01-10, 12:08:06 am
780,Friday,1963-02-08, 03:51:36 pm
781,Sunday,1963-03-10, 08:48:36 am
782,Tuesday,1963-04-09, 01:56:42 am
783,Wednesday,1963-05-08, 06:23:12 pm
784,Friday,1963-06-07, 09:30:36 am
785,Saturday,1963-07-06, 10:55:24 pm
786,Monday,1963-08-05, 10:30:48 am
787,Tuesday,1963-09-03, 08:33:30 pm
788,Thursday,1963-10-03, 05:43:54 am
789,Friday,1963-11-01, 02:55:12 pm
790,Sunday,1963-12-01, 12:54:00 am
791,Monday,1963-12-30, 12:03:48 pm
792,Wednesday,1964-01-29, 12:22:42 am
793,Thursday,1964-02-27, 01:39:12 pm
794,Saturday,1964-03-28, 03:48:18 am
795,Sunday,1964-04-26, 06:49:30 pm
796,Tuesday,1964-05-26, 10:28:48 am
797,Thursday,1964-06-25, 02:08:00 am
798,Friday,1964-07-24, 04:57:48 pm
799,Sunday,1964-08-23, 06:24:54 am
800,Monday,1964-09-21, 06:30:42 pm
801,Wednesday,1964-10-21, 05:45:00 am
802,Thursday,1964-11-19, 04:42:42 pm
803,Saturday,1964-12-19, 03:41:12 am
804,Sunday,1965-01-17, 02:37:18 pm
805,Tuesday,1965-02-16, 01:26:36 am
806,Wednesday,1965-03-17, 12:23:48 pm
807,Friday,1965-04-16, 12:02:06 am
808,Saturday,1965-05-15, 12:51:54 pm
809,Monday,1965-06-14, 02:59:18 am
810,Tuesday,1965-07-13, 06:01:24 pm
811,Thursday,1965-08-12, 09:22:06 am
812,Saturday,1965-09-11, 12:31:54 am
813,Sunday,1965-10-10, 03:13:36 pm
814,Tuesday,1965-11-09, 05:15:12 am
815,Wednesday,1965-12-08, 06:21:06 pm
816,Friday,1966-01-07, 06:16:06 am
817,Saturday,1966-02-05, 04:57:54 pm
818,Monday,1966-03-07, 02:45:12 am
819,Tuesday,1966-04-05, 12:13:06 pm
820,Wednesday,1966-05-04, 10:00:30 pm
821,Friday,1966-06-03, 08:40:12 am
822,Saturday,1966-07-02, 08:36:18 pm
823,Monday,1966-08-01, 10:05:12 am
824,Wednesday,1966-08-31, 01:13:36 am
825,Thursday,1966-09-29, 05:47:18 pm
826,Saturday,1966-10-29, 11:00:00 am
827,Monday,1966-11-28, 03:40:24 am
828,Tuesday,1966-12-27, 06:43:06 pm
829,Thursday,1967-01-26, 07:40:24 am
830,Friday,1967-02-24, 06:43:18 pm
831,Sunday,1967-03-26, 04:20:48 am
832,Monday,1967-04-24, 01:03:24 pm
833,Tuesday,1967-05-23, 09:22:18 pm
834,Thursday,1967-06-22, 05:56:48 am
835,Friday,1967-07-21, 03:39:06 pm
836,Sunday,1967-08-20, 03:26:42 am
837,Monday,1967-09-18, 05:59:24 pm
838,Wednesday,1967-10-18, 11:10:48 am
839,Friday,1967-11-17, 05:52:30 am
840,Sunday,1967-12-17, 12:21:18 am
841,Monday,1968-01-15, 05:11:12 pm
842,Wednesday,1968-02-14, 07:42:54 am
843,Thursday,1968-03-14, 07:52:18 pm
844,Saturday,1968-04-13, 05:51:42 am
845,Sunday,1968-05-12, 02:04:48 pm
846,Monday,1968-06-10, 09:13:00 pm
847,Wednesday,1968-07-10, 04:17:36 am
848,Thursday,1968-08-08, 12:32:18 pm
849,Friday,1968-09-06, 11:07:12 pm
850,Sunday,1968-10-06, 12:46:06 pm
851,Tuesday,1968-11-05, 05:24:36 am
852,Thursday,1968-12-05, 12:07:18 am
853,Friday,1969-01-03, 07:27:36 pm
854,Sunday,1969-02-02, 01:55:48 pm
855,Tuesday,1969-03-04, 06:17:00 am
856,Wednesday,1969-04-02, 07:44:54 pm
857,Friday,1969-05-02, 06:13:24 am
858,Saturday,1969-05-31, 02:18:12 pm
859,Sunday,1969-06-29, 09:03:42 pm
860,Tuesday,1969-07-29, 03:45:00 am
861,Wednesday,1969-08-27, 11:32:24 am
862,Thursday,1969-09-25, 09:20:48 pm
863,Saturday,1969-10-25, 09:44:12 am
864,Monday,1969-11-24, 12:53:42 am
865,Tuesday,1969-12-23, 06:34:54 pm
866,Thursday,1970-01-22, 01:55:18 pm
867,Saturday,1970-02-21, 09:18:42 am
868,Monday,1970-03-23, 02:52:24 am
869,Tuesday,1970-04-21, 05:21:18 pm
870,Thursday,1970-05-21, 04:37:36 am
871,Friday,1970-06-19, 01:27:24 pm
872,Saturday,1970-07-18, 08:58:30 pm
873,Monday,1970-08-17, 04:15:18 am
874,Tuesday,1970-09-15, 12:09:24 pm
875,Wednesday,1970-10-14, 09:21:12 pm
876,Friday,1970-11-13, 08:27:54 am
877,Saturday,1970-12-12, 10:03:18 pm
878,Monday,1971-01-11, 02:20:18 pm
879,Wednesday,1971-02-10, 08:41:24 am
880,Friday,1971-03-12, 03:33:36 am
881,Saturday,1971-04-10, 09:10:00 pm
882,Monday,1971-05-10, 12:23:30 pm
883,Wednesday,1971-06-09, 01:03:36 am
884,Thursday,1971-07-08, 11:36:36 am
885,Friday,1971-08-06, 08:42:18 pm
886,Sunday,1971-09-05, 05:02:24 am
887,Monday,1971-10-04, 01:19:30 pm
888,Tuesday,1971-11-02, 10:19:24 pm
889,Thursday,1971-12-02, 08:48:06 am
890,Friday,1971-12-31, 09:19:30 pm
891,Sunday,1972-01-30, 11:58:12 am
892,Tuesday,1972-02-29, 04:11:54 am
893,Wednesday,1972-03-29, 09:05:30 pm
894,Friday,1972-04-28, 01:44:30 pm
895,Sunday,1972-05-28, 05:27:36 am
896,Monday,1972-06-26, 07:46:12 pm
897,Wednesday,1972-07-26, 08:23:30 am
898,Thursday,1972-08-24, 07:21:42 pm
899,Saturday,1972-09-23, 05:06:42 am
900,Sunday,1972-10-22, 02:25:00 pm
901,Tuesday,1972-11-21, 12:06:30 am
902,Wednesday,1972-12-20, 10:45:06 am
903,Thursday,1973-01-18, 10:28:24 pm
904,Saturday,1973-02-17, 11:07:00 am
905,Monday,1973-03-19, 12:33:24 am
906,Tuesday,1973-04-17, 02:50:30 pm
907,Thursday,1973-05-17, 05:58:00 am
908,Friday,1973-06-15, 09:34:36 pm
909,Sunday,1973-07-15, 12:55:54 pm
910,Tuesday,1973-08-14, 03:16:30 am
911,Wednesday,1973-09-12, 04:16:18 pm
912,Friday,1973-10-12, 04:09:00 am
913,Saturday,1973-11-10, 03:26:42 pm
914,Monday,1973-12-10, 02:34:36 am
915,Tuesday,1974-01-08, 01:36:18 pm
916,Thursday,1974-02-07, 12:24:12 am
917,Friday,1974-03-08, 11:02:54 am
918,Saturday,1974-04-06, 10:00:18 pm
919,Monday,1974-05-06, 09:54:30 am
920,Tuesday,1974-06-04, 11:09:36 pm
921,Thursday,1974-07-04, 01:40:18 pm
922,Saturday,1974-08-03, 04:57:00 am
923,Sunday,1974-09-01, 08:24:48 pm
924,Tuesday,1974-10-01, 11:37:54 am
925,Thursday,1974-10-31, 02:19:00 am
926,Friday,1974-11-29, 04:10:06 pm
927,Sunday,1974-12-29, 04:50:48 am
928,Monday,1975-01-27, 04:09:24 pm
929,Wednesday,1975-02-26, 02:14:30 am
930,Thursday,1975-03-27, 11:36:00 am
931,Friday,1975-04-25, 08:54:54 pm
932,Sunday,1975-05-25, 06:50:36 am
933,Monday,1975-06-23, 05:54:12 pm
934,Wednesday,1975-07-23, 06:28:24 am
935,Thursday,1975-08-21, 08:47:36 pm
936,Saturday,1975-09-20, 12:50:24 pm
937,Monday,1975-10-20, 06:05:42 am
938,Tuesday,1975-11-18, 11:28:12 pm
939,Thursday,1975-12-18, 03:39:30 pm
940,Saturday,1976-01-17, 05:46:54 am
941,Sunday,1976-02-15, 05:43:18 pm
942,Tuesday,1976-03-16, 03:52:42 am
943,Wednesday,1976-04-14, 12:48:42 pm
944,Thursday,1976-05-13, 09:04:00 pm
945,Saturday,1976-06-12, 05:15:00 am
946,Sunday,1976-07-11, 02:08:54 pm
947,Tuesday,1976-08-10, 12:43:30 am
948,Wednesday,1976-09-08, 01:52:00 pm
949,Friday,1976-10-08, 05:55:24 am
950,Sunday,1976-11-07, 12:14:36 am
951,Monday,1976-12-06, 07:14:30 pm
952,Wednesday,1977-01-05, 01:10:24 pm
953,Friday,1977-02-04, 04:56:12 am
954,Saturday,1977-03-05, 06:13:12 pm
955,Monday,1977-04-04, 05:08:54 am
956,Tuesday,1977-05-03, 02:03:24 pm
957,Wednesday,1977-06-01, 09:30:54 pm
958,Friday,1977-07-01, 04:24:00 am
959,Saturday,1977-07-30, 11:52:12 am
960,Sunday,1977-08-28, 09:10:00 pm
961,Tuesday,1977-09-27, 09:17:24 am
962,Thursday,1977-10-27, 12:35:24 am
963,Friday,1977-11-25, 06:31:24 pm
964,Sunday,1977-12-25, 01:49:00 pm
965,Tuesday,1978-01-24, 08:55:30 am
966,Thursday,1978-02-23, 02:26:18 am
967,Friday,1978-03-24, 05:20:00 pm
968,Sunday,1978-04-23, 05:11:00 am
969,Monday,1978-05-22, 02:16:42 pm
970,Tuesday,1978-06-20, 09:30:30 pm
971,Thursday,1978-07-20, 04:04:48 am
972,Friday,1978-08-18, 11:14:00 am
973,Saturday,1978-09-16, 08:01:06 pm
974,Monday,1978-10-16, 07:09:30 am
975,Tuesday,1978-11-14, 09:00:06 pm
976,Thursday,1978-12-14, 01:30:36 pm
977,Saturday,1979-01-13, 08:08:36 am
978,Monday,1979-02-12, 03:39:24 am
979,Tuesday,1979-03-13, 10:14:18 pm
980,Thursday,1979-04-12, 02:15:00 pm
981,Saturday,1979-05-12, 03:00:54 am
982,Sunday,1979-06-10, 12:55:18 pm
983,Monday,1979-07-09, 08:59:18 pm
984,Wednesday,1979-08-08, 04:21:06 am
985,Thursday,1979-09-06, 11:58:36 am
986,Friday,1979-10-05, 08:35:18 pm
987,Sunday,1979-11-04, 06:47:06 am
988,Monday,1979-12-03, 07:07:42 pm
989,Wednesday,1980-01-02, 10:02:06 am
990,Friday,1980-02-01, 03:21:12 am
991,Saturday,1980-03-01, 09:59:42 pm
992,Monday,1980-03-31, 04:13:54 pm
993,Wednesday,1980-04-30, 09:35:18 am
994,Thursday,1980-05-29, 11:27:36 pm
995,Saturday,1980-06-28, 11:02:06 am
996,Sunday,1980-07-27, 08:53:36 pm
997,Tuesday,1980-08-26, 05:42:12 am
998,Wednesday,1980-09-24, 02:07:42 pm
999,Thursday,1980-10-23, 09:51:54 pm
1000,Saturday,1980-11-22, 07:38:54 am
1001,Sunday,1980-12-21, 07:08:00 pm
1002,Tuesday,1981-01-20, 08:39:00 am
1003,Wednesday,1981-02-18, 11:58:12 pm
1004,Friday,1981-03-20, 04:22:30 pm
1005,Sunday,1981-04-19, 09:58:54 am
1006,Tuesday,1981-05-19, 02:03:36 am
1007,Wednesday,1981-06-17, 05:04:30 pm
1008,Friday,1981-07-17, 06:38:48 am
1009,Saturday,1981-08-15, 06:36:36 pm
1010,Monday,1981-09-14, 05:08:42 am
1011,Tuesday,1981-10-13, 01:49:24 pm
1012,Wednesday,1981-11-11, 11:26:30 pm
1013,Friday,1981-12-11, 09:41:24 am
1014,Saturday,1982-01-09, 08:52:48 pm
1015,Monday,1982-02-08, 08:57:06 am
1016,Tuesday,1982-03-09, 09:45:06 pm
1017,Thursday,1982-04-08, 12:18:18 pm
1018,Saturday,1982-05-08, 02:44:42 am
1019,Sunday,1982-06-06, 05:59:24 pm
1020,Tuesday,1982-07-06, 09:31:36 am
1021,Thursday,1982-08-05, 12:33:48 am
1022,Friday,1982-09-03, 02:28:12 pm
1023,Sunday,1982-10-03, 02:08:30 am
1024,Monday,1982-11-01, 01:56:42 pm
1025,Wednesday,1982-12-01, 01:20:42 am
1026,Thursday,1982-12-30, 12:32:36 pm
1027,Friday,1983-01-28, 11:26:18 pm
1028,Sunday,1983-02-27, 09:58:06 am
1029,Monday,1983-03-28, 09:26:42 pm
1030,Wednesday,1983-04-27, 08:30:42 am
1031,Thursday,1983-05-26, 08:47:42 pm
1032,Saturday,1983-06-25, 10:31:48 am
1033,Monday,1983-07-25, 01:26:54 am
1034,Tuesday,1983-08-23, 04:59:18 pm
1035,Thursday,1983-09-22, 08:36:12 am
1036,Friday,1983-10-21, 10:53:18 pm
1037,Sunday,1983-11-20, 01:29:24 pm
1038,Tuesday,1983-12-20, 03:00:18 am
1039,Wednesday,1984-01-18, 03:05:12 pm
1040,Friday,1984-02-17, 01:41:06 am
1041,Saturday,1984-03-17, 11:09:42 am
1042,Sunday,1984-04-15, 09:10:48 pm
1043,Tuesday,1984-05-15, 06:28:36 am
1044,Wednesday,1984-06-13, 04:41:48 pm
1045,Friday,1984-07-13, 04:19:42 am
1046,Saturday,1984-08-11, 05:43:12 pm
1047,Monday,1984-09-10, 09:01:00 am
1048,Wednesday,1984-10-10, 12:58:06 am
1049,Thursday,1984-11-08, 06:42:36 pm
1050,Saturday,1984-12-08, 11:53:24 am
1051,Monday,1985-01-07, 03:16:06 am
1052,Tuesday,1985-02-05, 04:18:48 pm
1053,Thursday,1985-03-07, 03:13:06 am
1054,Friday,1985-04-05, 01:32:24 pm
1055,Saturday,1985-05-04, 09:52:48 pm
1056,Monday,1985-06-03, 05:50:24 am
1057,Tuesday,1985-07-02, 02:08:18 pm
1058,Wednesday,1985-07-31, 11:40:54 pm
1059,Friday,1985-08-30, 11:27:12 am
1060,Sunday,1985-09-29, 02:08:30 am
1061,Monday,1985-10-28, 06:37:30 pm
1062,Wednesday,1985-11-27, 01:41:42 pm
1063,Friday,1985-12-27, 08:30:18 am
1064,Sunday,1986-01-26, 01:31:00 am
1065,Monday,1986-02-24, 04:02:12 pm
1066,Wednesday,1986-03-26, 04:01:48 am
1067,Thursday,1986-04-24, 02:46:24 pm
1068,Friday,1986-05-23, 10:44:42 pm
1069,Sunday,1986-06-22, 05:41:48 am
1070,Monday,1986-07-21, 12:40:12 pm
1071,Tuesday,1986-08-19, 08:54:12 pm
1072,Thursday,1986-09-18, 07:33:42 am
1073,Friday,1986-10-17, 08:21:36 pm
1074,Sunday,1986-11-16, 01:11:36 pm
1075,Tuesday,1986-12-16, 08:04:24 am
1076,Thursday,1987-01-15, 03:30:24 am
1077,Friday,1987-02-13, 09:57:54 pm
1078,Sunday,1987-03-15, 02:12:42 pm
1079,Tuesday,1987-04-14, 04:31:00 am
1080,Wednesday,1987-05-13, 02:50:12 pm
1081,Thursday,1987-06-11, 10:48:48 pm
1082,Saturday,1987-07-11, 05:32:36 am
1083,Sunday,1987-08-09, 12:17:18 pm
1084,Monday,1987-09-07, 08:12:54 pm
1085,Wednesday,1987-10-07, 05:12:18 am
1086,Thursday,1987-11-05, 05:45:54 pm
1087,Saturday,1987-12-05, 09:01:00 am
1088,Monday,1988-01-04, 02:40:24 am
1089,Tuesday,1988-02-02, 09:51:30 pm
1090,Thursday,1988-03-03, 05:01:06 pm
1091,Saturday,1988-04-02, 11:21:18 am
1092,Monday,1988-05-02, 01:40:48 am
1093,Tuesday,1988-05-31, 12:53:30 pm
1094,Wednesday,1988-06-29, 09:45:48 pm
1095,Friday,1988-07-29, 05:25:12 am
1096,Saturday,1988-08-27, 12:55:48 pm
1097,Sunday,1988-09-25, 08:07:06 pm
1098,Tuesday,1988-10-25, 05:35:30 am
1099,Wednesday,1988-11-23, 04:53:06 pm
1100,Friday,1988-12-23, 06:28:54 am
1101,Saturday,1989-01-21, 10:33:30 pm
1102,Monday,1989-02-20, 04:31:54 pm
1103,Wednesday,1989-03-22, 10:57:54 am
1104,Friday,1989-04-21, 05:13:18 am
1105,Saturday,1989-05-20, 08:16:18 pm
1106,Monday,1989-06-19, 08:57:18 am
1107,Tuesday,1989-07-18, 07:41:36 pm
1108,Thursday,1989-08-17, 05:06:36 am
1109,Friday,1989-09-15, 01:50:36 pm
1110,Saturday,1989-10-14, 09:31:54 pm
1111,Monday,1989-11-13, 06:51:24 am
1112,Tuesday,1989-12-12, 05:29:54 pm
1113,Thursday,1990-01-11, 05:56:48 am
1114,Friday,1990-02-09, 08:15:42 pm
1115,Sunday,1990-03-11, 11:58:30 am
1116,Tuesday,1990-04-10, 05:18:30 am
1117,Wednesday,1990-05-09, 09:30:48 pm
1118,Friday,1990-06-08, 01:01:06 pm
1119,Sunday,1990-07-08, 03:23:30 am
1120,Monday,1990-08-06, 04:19:24 pm
1121,Wednesday,1990-09-05, 03:45:36 am
1122,Thursday,1990-10-04, 01:01:48 pm
1123,Friday,1990-11-02, 10:48:18 pm
1124,Sunday,1990-12-02, 08:49:42 am
1125,Monday,1990-12-31, 07:35:12 pm
1126,Wednesday,1991-01-30, 07:09:42 am
1127,Thursday,1991-02-28, 07:24:36 pm
1128,Saturday,1991-03-30, 08:17:24 am
1129,Sunday,1991-04-28, 10:58:30 pm
1130,Tuesday,1991-05-28, 01:36:36 pm
1131,Thursday,1991-06-27, 04:58:24 am
1132,Friday,1991-07-26, 08:24:24 pm
1133,Sunday,1991-08-25, 11:07:12 am
1134,Tuesday,1991-09-24, 12:40:00 am
1135,Wednesday,1991-10-23, 12:08:12 pm
1136,Thursday,1991-11-21, 11:56:18 pm
1137,Saturday,1991-12-21, 11:23:12 am
1138,Sunday,1992-01-19, 10:28:30 pm
1139,Tuesday,1992-02-18, 09:04:06 am
1140,Wednesday,1992-03-18, 07:17:48 pm
1141,Friday,1992-04-17, 06:42:30 am
1142,Saturday,1992-05-16, 06:02:36 pm
1143,Monday,1992-06-15, 06:49:42 am
1144,Tuesday,1992-07-14, 09:06:18 pm
1145,Thursday,1992-08-13, 12:27:12 pm
1146,Saturday,1992-09-12, 04:16:36 am
1147,Sunday,1992-10-11, 07:03:00 pm
1148,Tuesday,1992-11-10, 10:20:06 am
1149,Thursday,1992-12-10, 12:40:42 am
1150,Friday,1993-01-08, 01:37:12 pm
1151,Sunday,1993-02-07, 12:55:24 am
1152,Monday,1993-03-08, 10:45:54 am
1153,Tuesday,1993-04-06, 08:43:18 pm
1154,Thursday,1993-05-06, 05:33:42 am
1155,Friday,1993-06-04, 03:02:12 pm
1156,Sunday,1993-07-04, 01:45:06 am
1157,Monday,1993-08-02, 02:09:36 pm
1158,Wednesday,1993-09-01, 04:32:54 am
1159,Thursday,1993-09-30, 07:53:48 pm
1160,Saturday,1993-10-30, 01:37:36 pm
1161,Monday,1993-11-29, 07:30:48 am
1162,Wednesday,1993-12-29, 12:05:24 am
1163,Thursday,1994-01-27, 02:22:48 pm
1164,Saturday,1994-02-26, 02:15:00 am
1165,Sunday,1994-03-27, 01:09:30 pm
1166,Monday,1994-04-25, 09:45:00 pm
1167,Wednesday,1994-05-25, 05:39:24 am
1168,Thursday,1994-06-23, 01:33:06 pm
1169,Friday,1994-07-22, 10:15:54 pm
1170,Sunday,1994-08-21, 08:46:54 am
1171,Monday,1994-09-19, 10:00:30 pm
1172,Wednesday,1994-10-19, 01:17:48 pm
1173,Friday,1994-11-18, 07:57:00 am
1174,Sunday,1994-12-18, 03:17:06 am
1175,Monday,1995-01-16, 09:26:18 pm
1176,Wednesday,1995-02-15, 01:15:24 pm
1177,Friday,1995-03-17, 02:25:36 am
1178,Saturday,1995-04-15, 02:08:12 pm
1179,Sunday,1995-05-14, 10:48:06 pm
1180,Tuesday,1995-06-13, 06:03:30 am
1181,Wednesday,1995-07-12, 12:49:18 pm
1182,Thursday,1995-08-10, 08:15:30 pm
1183,Saturday,1995-09-09, 05:36:36 am
1184,Sunday,1995-10-08, 04:51:48 pm
1185,Tuesday,1995-11-07, 08:20:30 am
1186,Thursday,1995-12-07, 02:26:54 am
1187,Friday,1996-01-05, 09:50:54 pm
1188,Sunday,1996-02-04, 04:57:36 pm
1189,Tuesday,1996-03-05, 10:22:42 am
1190,Thursday,1996-04-04, 02:06:54 am
1191,Friday,1996-05-03, 01:48:12 pm
1192,Saturday,1996-06-01, 10:46:54 pm
1193,Monday,1996-07-01, 05:58:06 am
1194,Tuesday,1996-07-30, 12:35:12 pm
1195,Wednesday,1996-08-28, 07:52:12 pm
1196,Friday,1996-09-27, 04:50:48 am
1197,Saturday,1996-10-26, 04:11:12 pm
1198,Monday,1996-11-25, 05:09:54 am
1199,Tuesday,1996-12-24, 09:41:00 pm
1200,Thursday,1997-01-23, 04:10:42 pm
1201,Saturday,1997-02-22, 11:26:42 am
1202,Monday,1997-03-24, 05:45:12 am
1203,Tuesday,1997-04-22, 10:33:30 pm
1204,Thursday,1997-05-22, 11:13:24 am
1205,Friday,1997-06-20, 09:08:48 pm
1206,Sunday,1997-07-20, 05:20:18 am
1207,Monday,1997-08-18, 12:55:24 pm
1208,Tuesday,1997-09-16, 08:50:30 pm
1209,Thursday,1997-10-16, 05:45:42 am
1210,Friday,1997-11-14, 03:11:36 pm
1211,Sunday,1997-12-14, 03:37:06 am
1212,Monday,1998-01-12, 06:23:42 pm
1213,Wednesday,1998-02-11, 11:22:36 am
1214,Friday,1998-03-13, 05:34:12 am
1215,Sunday,1998-04-12, 12:23:30 am
1216,Monday,1998-05-11, 04:29:24 pm
1217,Wednesday,1998-06-10, 06:18:18 am
1218,Thursday,1998-07-09, 06:00:54 pm
1219,Saturday,1998-08-08, 04:09:36 am
1220,Sunday,1998-09-06, 01:21:24 pm
1221,Monday,1998-10-05, 10:11:54 pm
1222,Wednesday,1998-11-04, 06:18:12 am
1223,Thursday,1998-12-03, 04:19:12 pm
1224,Saturday,1999-01-02, 03:49:30 am
1225,Sunday,1999-01-31, 05:06:30 pm
1226,Tuesday,1999-03-02, 07:58:30 am
1227,Thursday,1999-04-01, 12:48:54 am
1228,Friday,1999-04-30, 04:54:36 pm
1229,Sunday,1999-05-30, 08:39:54 am
1230,Monday,1999-06-28, 11:37:30 pm
1231,Wednesday,1999-07-28, 01:24:48 pm
1232,Friday,1999-08-27, 01:47:48 am
1233,Saturday,1999-09-25, 12:51:06 pm
1234,Sunday,1999-10-24, 11:02:24 pm
1235,Tuesday,1999-11-23, 08:03:42 am
1236,Wednesday,1999-12-22, 06:31:18 pm
1237,Friday,2000-01-21, 05:40:24 am [**]
1238,Saturday,2000-02-19, 05:26:42 pm
1239,Monday,2000-03-20, 05:44:24 am
1240,Tuesday,2000-04-18, 07:41:30 pm
1241,Thursday,2000-05-18, 09:34:24 am
1242,Saturday,2000-06-17, 12:27:00 am
1243,Sunday,2000-07-16, 03:55:12 pm
1244,Tuesday,2000-08-15, 07:12:36 am
1245,Wednesday,2000-09-13, 09:36:48 pm
1246,Friday,2000-10-13, 10:53:00 am
1247,Saturday,2000-11-11, 10:14:36 pm
1248,Monday,2000-12-11, 10:02:48 am
1249,Tuesday,2001-01-09, 09:24:24 pm [**]
1250,Thursday,2001-02-08, 08:11:42 am
1251,Friday,2001-03-09, 06:23:06 pm
1252,Sunday,2001-04-08, 05:21:54 am
1253,Monday,2001-05-07, 03:52:30 pm
1254,Wednesday,2001-06-06, 03:39:18 am
1255,Thursday,2001-07-05, 05:03:48 pm
1256,Saturday,2001-08-04, 07:55:42 am
1257,Sunday,2001-09-02, 11:43:00 pm
1258,Tuesday,2001-10-02, 03:48:48 pm
1259,Thursday,2001-11-01, 06:41:00 am
1260,Friday,2001-11-30, 09:49:00 pm
1261,Sunday,2001-12-30, 11:40:30 am
1262,Monday,2002-01-28, 11:50:30 pm
1263,Wednesday,2002-02-27, 10:16:42 am
1264,Thursday,2002-03-28, 07:24:54 pm
1265,Saturday,2002-04-27, 04:59:54 am
1266,Sunday,2002-05-26, 01:51:12 pm
1267,Monday,2002-06-24, 11:42:24 pm
1268,Wednesday,2002-07-24, 11:07:00 am
1269,Friday,2002-08-23, 12:29:12 am
1270,Saturday,2002-09-21, 03:59:12 pm
1271,Monday,2002-10-21, 09:20:00 am
1272,Wednesday,2002-11-20, 02:33:42 am
1273,Thursday,2002-12-19, 08:10:12 pm
1274,Saturday,2003-01-18, 11:47:36 am
1275,Monday,2003-02-17, 12:51:06 am
1276,Tuesday,2003-03-18, 11:34:30 am
1277,Wednesday,2003-04-16, 09:35:42 pm
1278,Friday,2003-05-16, 05:35:54 am
1279,Saturday,2003-06-14, 01:15:54 pm
1280,Sunday,2003-07-13, 09:21:24 pm
1281,Tuesday,2003-08-12, 06:48:12 am
1282,Wednesday,2003-09-10, 06:36:12 pm
1283,Friday,2003-10-10, 09:27:24 am
1284,Sunday,2003-11-09, 02:13:18 am [**]
1285,Monday,2003-12-08, 09:36:42 pm
1286,Wednesday,2004-01-07, 04:40:06 pm
1287,Friday,2004-02-06, 09:46:54 am
1288,Sunday,2004-03-07, 12:14:12 am
1289,Monday,2004-04-05, 01:02:42 pm
1290,Tuesday,2004-05-04, 10:33:24 pm [**]
1291,Thursday,2004-06-03, 06:19:36 am
1292,Friday,2004-07-02, 01:08:54 pm
1293,Saturday,2004-07-31, 08:05:06 pm
1294,Monday,2004-08-30, 04:22:12 am
1295,Tuesday,2004-09-28, 03:09:18 pm
1296,Thursday,2004-10-28, 05:07:24 am [**]
1297,Friday,2004-11-26, 09:07:12 pm
1298,Sunday,2004-12-26, 04:06:18 pm
1299,Tuesday,2005-01-25, 11:32:18 am
1300,Thursday,2005-02-24, 05:53:42 am
1301,Friday,2005-03-25, 09:58:30 pm
1302,Sunday,2005-04-24, 12:06:30 pm
1303,Monday,2005-05-23, 10:18:12 pm
1304,Wednesday,2005-06-22, 06:13:48 am
1305,Thursday,2005-07-21, 01:00:12 pm
1306,Friday,2005-08-19, 07:53:00 pm
1307,Sunday,2005-09-18, 04:00:48 am
1308,Monday,2005-10-17, 02:13:36 pm
1309,Wednesday,2005-11-16, 01:57:30 am
1310,Thursday,2005-12-15, 05:15:30 pm
1311,Saturday,2006-01-14, 10:48:06 am
1312,Monday,2006-02-13, 05:44:12 am
1313,Wednesday,2006-03-15, 12:35:24 am
1314,Thursday,2006-04-13, 06:40:06 pm
1315,Saturday,2006-05-13, 08:51:06 am
1316,Sunday,2006-06-11, 08:03:06 pm
1317,Tuesday,2006-07-11, 05:01:54 am
1318,Wednesday,2006-08-09, 12:54:00 pm
1319,Thursday,2006-09-07, 08:42:00 pm
1320,Saturday,2006-10-07, 05:12:48 am
1321,Sunday,2006-11-05, 01:58:18 pm
1322,Tuesday,2006-12-05, 01:24:48 am
1323,Wednesday,2007-01-03, 02:57:24 pm
1324,Friday,2007-02-02, 06:45:18 am
1325,Sunday,2007-03-04, 12:17:06 am [**]
1326,Monday,2007-04-02, 07:15:00 pm
1327,Wednesday,2007-05-02, 12:09:24 pm
1328,Friday,2007-06-01, 03:03:36 am
1329,Saturday,2007-06-30, 03:48:42 pm
1330,Monday,2007-07-30, 02:47:42 am
1331,Tuesday,2007-08-28, 12:35:06 pm
1332,Wednesday,2007-09-26, 09:45:06 pm
1333,Friday,2007-10-26, 06:51:30 am
1334,Saturday,2007-11-24, 03:29:48 pm
1335,Monday,2007-12-24, 02:15:36 am
1336,Tuesday,2008-01-22, 02:34:42 pm
1337,Thursday,2008-02-21, 04:30:30 am [**]
1338,Friday,2008-03-21, 07:39:54 pm
1339,Sunday,2008-04-20, 12:25:24 pm
1340,Tuesday,2008-05-20, 04:11:24 am
1341,Wednesday,2008-06-18, 07:30:24 pm
1342,Friday,2008-07-18, 09:59:00 am
1343,Saturday,2008-08-16, 11:16:24 pm
1344,Monday,2008-09-15, 11:13:24 am
1345,Tuesday,2008-10-14, 10:02:24 pm
1346,Thursday,2008-11-13, 07:17:18 am
1347,Friday,2008-12-12, 05:37:06 pm
1348,Sunday,2009-01-11, 04:26:36 am
1349,Monday,2009-02-09, 03:49:00 pm
1350,Wednesday,2009-03-11, 03:37:36 am
1351,Thursday,2009-04-09, 04:55:42 pm
1352,Saturday,2009-05-09, 06:01:18 am
1353,Sunday,2009-06-07, 08:11:36 pm
1354,Tuesday,2009-07-07, 11:21:18 am
1355,Thursday,2009-08-06, 02:54:42 am
1356,Friday,2009-09-04, 06:02:30 pm
1357,Sunday,2009-10-04, 08:10:00 am
1358,Monday,2009-11-02, 08:13:48 pm
1359,Wednesday,2009-12-02, 08:30:18 am
1360,Thursday,2009-12-31, 08:12:36 pm [*]
1361,Saturday,2010-01-30, 07:17:36 am
1362,Sunday,2010-02-28, 05:37:54 pm
1363,Tuesday,2010-03-30, 04:25:24 am
1364,Wednesday,2010-04-28, 02:18:30 pm
1365,Friday,2010-05-28, 01:07:18 am
1366,Saturday,2010-06-26, 01:30:24 pm
1367,Monday,2010-07-26, 03:36:36 am
1368,Tuesday,2010-08-24, 07:04:36 pm
1369,Thursday,2010-09-23, 11:17:12 am
1370,Saturday,2010-10-23, 03:36:30 am
1371,Sunday,2010-11-21, 06:27:24 pm
1372,Tuesday,2010-12-21, 09:13:30 am [**]
1373,Wednesday,2011-01-19, 10:21:24 pm
1374,Friday,2011-02-18, 09:35:42 am
1375,Saturday,2011-03-19, 07:10:06 pm
1376,Monday,2011-04-18, 04:44:00 am
1377,Tuesday,2011-05-17, 01:08:42 pm
1378,Wednesday,2011-06-15, 10:13:36 pm [**]
1379,Friday,2011-07-15, 08:39:36 am
1380,Saturday,2011-08-13, 08:57:30 pm
1381,Monday,2011-09-12, 11:26:42 am
1382,Wednesday,2011-10-12, 04:05:42 am
1383,Thursday,2011-11-10, 09:16:06 pm
1384,Saturday,2011-12-10, 03:36:24 pm [**]
1385,Monday,2012-01-09, 08:30:06 am
1386,Tuesday,2012-02-07, 10:53:48 pm
1387,Thursday,2012-03-08, 10:39:30 am
1388,Friday,2012-04-06, 09:18:42 pm
1389,Sunday,2012-05-06, 05:35:06 am
1390,Monday,2012-06-04, 01:11:36 pm [*]
1391,Tuesday,2012-07-03, 08:51:54 pm
1392,Thursday,2012-08-02, 05:27:30 am
1393,Friday,2012-08-31, 03:58:06 pm
1394,Sunday,2012-09-30, 05:18:36 am
1395,Monday,2012-10-29, 08:49:30 pm
1396,Wednesday,2012-11-28, 03:46:00 pm
1397,Friday,2012-12-28, 11:21:12 am
1398,Sunday,2013-01-27, 05:38:24 am
1399,Monday,2013-02-25, 09:26:06 pm
1400,Wednesday,2013-03-27, 10:27:18 am
1401,Thursday,2013-04-25, 09:57:06 pm [*]
1402,Saturday,2013-05-25, 06:25:00 am
1403,Sunday,2013-06-23, 01:32:18 pm
1404,Monday,2013-07-22, 08:15:36 pm
1405,Wednesday,2013-08-21, 03:44:36 am
1406,Thursday,2013-09-19, 01:12:54 pm
1407,Saturday,2013-10-19, 01:37:42 am
1408,Sunday,2013-11-17, 04:15:48 pm
1409,Tuesday,2013-12-17, 10:28:06 am
1410,Thursday,2014-01-16, 05:52:12 am
1411,Saturday,2014-02-15, 12:53:00 am
1412,Sunday,2014-03-16, 06:08:24 pm
1413,Tuesday,2014-04-15, 09:42:18 am [**]
1414,Wednesday,2014-05-14, 09:15:54 pm
1415,Friday,2014-06-13, 06:11:30 am
1416,Saturday,2014-07-12, 01:24:54 pm
1417,Sunday,2014-08-10, 08:09:24 pm
1418,Tuesday,2014-09-09, 03:38:12 am
1419,Wednesday,2014-10-08, 12:50:36 pm [**]
1420,Thursday,2014-11-06, 11:22:54 pm
1421,Saturday,2014-12-06, 01:26:48 pm
1422,Monday,2015-01-05, 05:53:15 am
1423,Wednesday,2015-02-04, 12:08:55 am
1424,Thursday,2015-03-05, 07:05:23 pm
1425,Saturday,2015-04-04, 02:05:34 pm [**]
1426,Monday,2015-05-04, 05:42:05 am
1427,Tuesday,2015-06-02, 06:19:02 pm
1428,Thursday,2015-07-02, 04:19:35 am
1429,Friday,2015-07-31, 12:42:54 pm
1430,Saturday,2015-08-29, 08:35:12 pm
1431,Monday,2015-09-28, 04:50:31 am [**]
1432,Tuesday,2015-10-27, 01:05:08 pm
1433,Wednesday,2015-11-25, 11:44:15 pm
1434,Friday,2015-12-25, 12:11:28 pm
1435,Sunday,2016-01-24, 02:45:48 am
1436,Monday,2016-02-22, 07:19:54 pm
1437,Wednesday,2016-03-23, 01:00:54 pm
1438,Friday,2016-04-22, 07:23:42 am
1439,Saturday,2016-05-21, 11:14:30 pm
1440,Monday,2016-06-20, 01:02:24 pm
1441,Wednesday,2016-07-20, 12:56:36 am
1442,Thursday,2016-08-18, 11:26:36 am
1443,Friday,2016-09-16, 09:05:06 pm
1444,Sunday,2016-10-16, 06:23:06 am
1445,Monday,2016-11-14, 02:52:06 pm
1446,Wednesday,2016-12-14, 01:05:36 am
1447,Thursday,2017-01-12, 12:33:58 pm
1448,Saturday,2017-02-11, 01:32:53 am
1449,Sunday,2017-03-12, 03:53:48 pm
1450,Tuesday,2017-04-11, 08:08:07 am
1451,Wednesday,2017-05-10, 11:42:30 pm
1452,Friday,2017-06-09, 03:09:36 pm
1453,Sunday,2017-07-09, 06:06:34 am
1454,Monday,2017-08-07, 08:10:37 pm [*]
1455,Wednesday,2017-09-06, 09:02:49 am
1456,Thursday,2017-10-05, 08:40:08 pm
1457,Saturday,2017-11-04, 06:22:55 am
1458,Sunday,2017-12-03, 04:46:59 pm
1459,Tuesday,2018-01-02, 3:24:05 am
1460,Wednesday,2018-01-31, 2:26:44 pm [**] [+]
1461,Friday,2018-03-02, 1:51:21 am
1462,Saturday,2018-03-31, 2:36:52 pm [+]
1463,Monday,2018-04-30, 2:58:12 am
1464,Tuesday,2018-05-29, 4:19:34 pm
1465,Thursday,2018-06-28, 6:52:58 am
1466,Friday,2018-07-27, 10:20:21 pm [**]
1467,Sunday,2018-08-26, 1:56:11 pm
1468,Tuesday,2018-09-25, 4:52:25 am
1469,Wednesday,2018-10-24, 6:45:12 pm
1470,Friday,2018-11-23, 6:39:12 am
1471,Saturday,2018-12-22, 6:48:35 pm
1472,Monday,2019-01-21, 6:16:05 am [**]
1473,Tuesday,2019-02-19, 4:53:35 pm
1474,Thursday,2019-03-21, 2:42:52 am
1475,Friday,2019-04-19, 1:12:11 pm
1476,Saturday,2019-05-18, 11:11:21 pm
1477,Monday,2019-06-17, 10:30:40 am
1478,Tuesday,2019-07-16, 11:38:13 pm [*]
1479,Thursday,2019-08-15, 2:29:15 pm
1480,Saturday,2019-09-14, 6:32:46 am
1481,Sunday,2019-10-13, 11:07:52 pm
1482,Tuesday,2019-11-12, 2:34:24 pm
1483,Thursday,2019-12-12, 6:12:16 am
1484,Friday,2020-01-10, 08:21:24 pm
1485,Sunday,2020-02-09, 08:33:18 am
1486,Monday,2020-03-09, 06:47:48 pm
1487,Wednesday,2020-04-08, 04:35:06 am
1488,Thursday,2020-05-07, 12:45:18 pm
1489,Friday,2020-06-05, 09:12:24 pm
1490,Sunday,2020-07-05, 06:44:30 am
1491,Monday,2020-08-03, 05:58:48 pm
1492,Wednesday,2020-09-02, 07:22:06 am
1493,Thursday,2020-10-01, 11:05:18 pm
1494,Saturday,2020-10-31, 03:49:12 pm
1495,Monday,2020-11-30, 10:29:42 am
1496,Wednesday,2020-12-30, 04:28:18 am
1497,Thursday,2021-01-28, 08:16:18 pm
1498,Saturday,2021-02-27, 09:17:24 am
1499,Sunday,2021-03-28, 08:48:12 pm
1500,Tuesday,2021-04-27, 05:31:36 am
1501,Wednesday,2021-05-26, 01:13:54 pm
1502,Thursday,2021-06-24, 08:39:42 pm
1503,Saturday,2021-07-24, 04:36:54 am
1504,Sunday,2021-08-22, 02:02:00 pm
1505,Tuesday,2021-09-21, 01:54:42 am
1506,Wednesday,2021-10-20, 04:56:42 pm
1507,Friday,2021-11-19, 09:57:30 am
1508,Sunday,2021-12-19, 05:35:36 am
1509,Tuesday,2022-01-18, 12:48:30 am
1510,Wednesday,2022-02-16, 05:56:30 pm
1511,Friday,2022-03-18, 08:17:36 am
1512,Saturday,2022-04-16, 08:55:06 pm
1513,Monday,2022-05-16, 06:14:12 am
1514,Tuesday,2022-06-14, 01:51:48 pm
1515,Wednesday,2022-07-13, 08:37:42 pm
1516,Friday,2022-08-12, 03:35:48 am
1517,Saturday,2022-09-10, 11:59:06 am
1518,Sunday,2022-10-09, 10:55:00 pm
1519,Tuesday,2022-11-08, 12:02:12 pm
1520,Thursday,2022-12-08, 05:08:12 am
1521,Saturday,2023-01-07, 12:07:54 am
1522,Sunday,2023-02-05, 07:28:36 pm
1523,Tuesday,2023-03-07, 01:40:24 pm
1524,Thursday,2023-04-06, 06:34:36 am
1525,Friday,2023-05-05, 07:34:06 pm
1526,Sunday,2023-06-04, 05:41:48 am
1527,Monday,2023-07-03, 01:38:42 pm
1528,Tuesday,2023-08-01, 08:31:42 pm
1529,Thursday,2023-08-31, 03:35:42 am
1530,Friday,2023-09-29, 11:57:36 am
1531,Saturday,2023-10-28, 10:24:06 pm
1532,Monday,2023-11-27, 10:16:24 am
1533,Wednesday,2023-12-27, 01:33:12 am
1534,Thursday,2024-01-25, 06:54:00 pm
1535,Saturday,2024-02-24, 01:30:24 pm
1536,Monday,2024-03-25, 08:00:24 am
1537,Wednesday,2024-04-24, 01:49:00 am
1538,Thursday,2024-05-23, 03:53:12 pm
1539,Saturday,2024-06-22, 03:07:54 am
1540,Sunday,2024-07-21, 12:17:12 pm
1541,Monday,2024-08-19, 08:25:48 pm
1542,Wednesday,2024-09-18, 04:34:30 am
1543,Thursday,2024-10-17, 01:26:24 pm
1544,Friday,2024-11-15, 10:28:36 pm
1545,Sunday,2024-12-15, 10:01:42 am
1546,Monday,2025-01-13, 11:26:54 pm
1547,Wednesday,2025-02-12, 02:53:24 pm
1548,Friday,2025-03-14, 07:54:42 am
1549,Sunday,2025-04-13, 02:22:18 am
1550,Monday,2025-05-12, 06:56:00 pm
1551,Wednesday,2025-06-11, 09:43:54 am
1552,Thursday,2025-07-10, 10:36:48 pm
1553,Saturday,2025-08-09, 09:55:06 am
1554,Sunday,2025-09-07, 08:08:54 pm
1555,Tuesday,2025-10-07, 05:47:42 am
1556,Wednesday,2025-11-05, 02:19:18 pm
1557,Friday,2025-12-05, 12:14:06 am
1558,Saturday,2026-01-03, 11:02:54 am
1559,Sunday,2026-02-01, 11:09:18 pm
1560,Tuesday,2026-03-03, 12:37:54 pm
1561,Thursday,2026-04-02, 04:12:00 am
1562,Friday,2026-05-01, 07:23:12 pm
1563,Sunday,2026-05-31, 10:45:12 am
1564,Tuesday,2026-06-30, 01:56:42 am
1565,Wednesday,2026-07-29, 04:35:42 pm
1566,Friday,2026-08-28, 06:18:36 am
1567,Saturday,2026-09-26, 06:49:06 pm
1568,Monday,2026-10-26, 05:11:54 am
1569,Tuesday,2026-11-24, 03:53:36 pm
1570,Thursday,2026-12-24, 02:28:18 am
1571,Friday,2027-01-22, 01:17:24 pm
1572,Sunday,2027-02-21, 12:23:42 am
1573,Monday,2027-03-22, 11:43:48 am
1574,Wednesday,2027-04-21, 12:27:12 am
1575,Thursday,2027-05-20, 12:59:06 pm
1576,Saturday,2027-06-19, 02:44:24 am
1577,Sunday,2027-07-18, 05:45:00 pm
1578,Tuesday,2027-08-17, 09:28:42 am
1579,Thursday,2027-09-16, 01:03:36 am
1580,Friday,2027-10-15, 03:47:06 pm
1581,Sunday,2027-11-14, 04:26:00 am
1582,Monday,2027-12-13, 05:08:48 pm
1583,Wednesday,2028-01-12, 05:03:06 am
1584,Thursday,2028-02-10, 04:03:48 pm
1585,Saturday,2028-03-11, 02:06:06 am
1586,Sunday,2028-04-09, 12:26:42 pm
1587,Monday,2028-05-08, 09:49:00 pm
1588,Wednesday,2028-06-07, 08:08:48 am
1589,Thursday,2028-07-06, 08:10:48 pm
1590,Saturday,2028-08-05, 10:09:54 am
1591,Monday,2028-09-04, 01:47:36 am
1592,Tuesday,2028-10-03, 06:25:00 pm
1593,Thursday,2028-11-02, 10:17:24 am
1594,Saturday,2028-12-02, 02:40:18 am
1595,Sunday,2028-12-31, 05:48:36 pm
1596,Tuesday,2029-01-30, 07:03:42 am
1597,Wednesday,2029-02-28, 06:10:18 pm
1598,Friday,2029-03-30, 04:26:30 am
1599,Saturday,2029-04-28, 12:36:48 pm
1600,Sunday,2029-05-27, 08:37:30 pm
1601,Tuesday,2029-06-26, 05:22:24 am
1602,Wednesday,2029-07-25, 03:35:48 pm
1603,Friday,2029-08-24, 03:51:18 am
1604,Saturday,2029-09-22, 06:29:18 pm
1605,Monday,2029-10-22, 11:27:36 am
1606,Wednesday,2029-11-21, 05:03:00 am
1607,Thursday,2029-12-20, 11:46:30 pm
1608,Saturday,2030-01-19, 04:54:24 pm
1609,Monday,2030-02-18, 07:19:48 am
1610,Tuesday,2030-03-19, 06:56:30 pm
1611,Thursday,2030-04-18, 05:20:06 am
1612,Friday,2030-05-17, 01:19:12 pm
1613,Saturday,2030-06-15, 08:41:00 pm
1614,Monday,2030-07-15, 04:12:00 am
1615,Tuesday,2030-08-13, 12:44:24 pm
1616,Wednesday,2030-09-11, 11:18:00 pm
1617,Friday,2030-10-11, 12:46:54 pm
1618,Sunday,2030-11-10, 04:30:18 am
1619,Monday,2030-12-09, 11:40:30 pm
1620,Wednesday,2031-01-08, 07:25:54 pm
1621,Friday,2031-02-07, 01:46:12 pm
1622,Sunday,2031-03-09, 05:29:42 am
1623,Monday,2031-04-07, 07:21:24 pm
1624,Wednesday,2031-05-07, 05:39:54 am
1625,Thursday,2031-06-05, 01:58:36 pm
1626,Friday,2031-07-04, 09:01:24 pm
1627,Sunday,2031-08-03, 03:45:36 am
1628,Monday,2031-09-01, 11:20:30 am
1629,Tuesday,2031-09-30, 08:57:54 pm
1630,Thursday,2031-10-30, 08:32:42 am
1631,Saturday,2031-11-29, 12:18:30 am
1632,Sunday,2031-12-28, 06:33:06 pm
1633,Tuesday,2032-01-27, 01:52:30 pm
1634,Thursday,2032-02-26, 08:43:18 am
1635,Saturday,2032-03-27, 01:46:18 am
1636,Sunday,2032-04-25, 05:09:42 pm
1637,Tuesday,2032-05-25, 04:37:18 am
1638,Wednesday,2032-06-23, 01:32:36 pm
1639,Thursday,2032-07-22, 08:51:36 pm
1640,Saturday,2032-08-21, 03:46:54 am
1641,Sunday,2032-09-19, 11:30:18 am
1642,Monday,2032-10-18, 08:58:12 pm
1643,Wednesday,2032-11-17, 07:42:06 am
1644,Thursday,2032-12-16, 09:49:00 pm
1645,Saturday,2033-01-15, 02:07:06 pm
1646,Monday,2033-02-14, 08:04:12 am
1647,Wednesday,2033-03-16, 02:37:30 am
1648,Thursday,2033-04-14, 09:17:24 pm
1649,Saturday,2033-05-14, 12:42:48 pm
1650,Monday,2033-06-13, 01:19:18 am
1651,Tuesday,2033-07-12, 11:28:36 am
1652,Wednesday,2033-08-10, 08:07:42 pm
1653,Friday,2033-09-09, 04:20:36 am
1654,Saturday,2033-10-08, 12:58:12 pm
1655,Sunday,2033-11-06, 09:32:06 pm
1656,Tuesday,2033-12-06, 08:22:06 am
1657,Wednesday,2034-01-04, 08:47:06 pm
1658,Friday,2034-02-03, 11:04:36 am
1659,Sunday,2034-03-05, 03:10:12 am
1660,Monday,2034-04-03, 09:18:54 pm
1661,Wednesday,2034-05-03, 02:15:48 pm
1662,Friday,2034-06-02, 05:54:06 am
1663,Saturday,2034-07-01, 07:44:36 pm
1664,Monday,2034-07-31, 07:54:30 am
1665,Tuesday,2034-08-29, 06:49:18 pm
1666,Thursday,2034-09-28, 04:56:54 am
1667,Friday,2034-10-27, 02:42:36 pm
1668,Saturday,2034-11-25, 11:32:12 pm
1669,Monday,2034-12-25, 09:54:30 am
1670,Tuesday,2035-01-23, 09:16:36 pm
1671,Thursday,2035-02-22, 09:54:00 am
1672,Friday,2035-03-23, 11:42:12 pm
1673,Sunday,2035-04-22, 03:20:48 pm
1674,Tuesday,2035-05-22, 06:25:54 am
1675,Wednesday,2035-06-20, 09:37:30 pm
1676,Friday,2035-07-20, 12:36:54 pm
1677,Sunday,2035-08-19, 03:00:24 am
1678,Monday,2035-09-17, 04:23:36 pm
1679,Wednesday,2035-10-17, 04:35:36 am
1680,Thursday,2035-11-15, 02:48:54 pm
1681,Saturday,2035-12-15, 01:33:12 am
1682,Sunday,2036-01-13, 12:16:12 pm
1683,Monday,2036-02-11, 11:08:48 pm
1684,Wednesday,2036-03-12, 10:09:30 am
1685,Thursday,2036-04-10, 10:22:36 pm
1686,Saturday,2036-05-10, 10:09:36 am
1687,Sunday,2036-06-08, 11:02:00 pm
1688,Tuesday,2036-07-08, 01:19:24 pm
1689,Thursday,2036-08-07, 04:49:00 am
1690,Friday,2036-09-05, 08:45:36 pm
1691,Sunday,2036-10-05, 12:15:12 pm
1692,Tuesday,2036-11-04, 01:44:18 am
1693,Wednesday,2036-12-03, 03:08:36 pm
1694,Friday,2037-01-02, 03:35:18 am
1695,Saturday,2037-01-31, 03:04:12 pm
1696,Monday,2037-03-02, 01:28:12 am
1697,Tuesday,2037-03-31, 11:53:36 am
1698,Wednesday,2037-04-29, 08:54:00 pm
1699,Friday,2037-05-29, 06:24:12 am
1700,Saturday,2037-06-27, 05:20:00 pm
1701,Monday,2037-07-27, 06:15:12 am
1702,Tuesday,2037-08-25, 09:09:24 pm
1703,Thursday,2037-09-24, 01:31:48 pm
1704,Saturday,2037-10-24, 06:36:36 am
1705,Sunday,2037-11-22, 10:35:18 pm
1706,Tuesday,2037-12-22, 02:38:42 pm
1707,Thursday,2038-01-21, 05:00:00 am
1708,Friday,2038-02-19, 05:09:30 pm
1709,Sunday,2038-03-21, 03:09:36 am
1710,Monday,2038-04-19, 11:36:06 am
1711,Tuesday,2038-05-18, 07:23:36 pm
1712,Thursday,2038-06-17, 03:30:36 am
1713,Friday,2038-07-16, 12:48:18 pm
1714,Saturday,2038-08-14, 11:56:54 pm
1715,Monday,2038-09-13, 01:24:30 pm
1716,Wednesday,2038-10-13, 05:21:54 am
1717,Thursday,2038-11-11, 11:27:12 pm
1718,Saturday,2038-12-11, 06:30:30 pm
1719,Monday,2039-01-10, 12:45:36 pm
1720,Wednesday,2039-02-09, 04:39:18 am
1721,Thursday,2039-03-10, 05:35:00 pm
1722,Saturday,2039-04-09, 03:52:48 am
1723,Sunday,2039-05-08, 12:20:06 pm
1724,Monday,2039-06-06, 07:47:42 pm
1725,Wednesday,2039-07-06, 03:03:30 am
1726,Thursday,2039-08-04, 10:56:42 am
1727,Friday,2039-09-02, 08:23:36 pm
1728,Sunday,2039-10-02, 08:23:18 am
1729,Monday,2039-10-31, 11:36:18 pm
1730,Wednesday,2039-11-30, 05:49:36 pm
1731,Friday,2039-12-30, 01:37:48 pm
1732,Sunday,2040-01-29, 08:54:42 am
1733,Tuesday,2040-02-28, 01:59:36 am
1734,Wednesday,2040-03-28, 04:11:42 pm
1735,Friday,2040-04-27, 03:37:54 am
1736,Saturday,2040-05-26, 12:47:06 pm
1737,Sunday,2040-06-24, 08:19:24 pm
1738,Tuesday,2040-07-24, 03:05:42 am
1739,Wednesday,2040-08-22, 10:09:42 am
1740,Thursday,2040-09-20, 06:42:48 pm
1741,Saturday,2040-10-20, 05:49:54 am
1742,Sunday,2040-11-18, 08:06:12 pm
1743,Tuesday,2040-12-18, 01:15:48 pm
1744,Thursday,2041-01-17, 08:11:24 am
1745,Saturday,2041-02-16, 03:21:18 am
1746,Sunday,2041-03-17, 09:19:12 pm
1747,Tuesday,2041-04-16, 01:00:42 pm
1748,Thursday,2041-05-16, 01:52:24 am
1749,Friday,2041-06-14, 11:58:48 am
1750,Saturday,2041-07-13, 08:00:54 pm
1751,Monday,2041-08-12, 03:04:42 am
1752,Tuesday,2041-09-10, 10:23:54 am
1753,Wednesday,2041-10-09, 07:02:42 pm
1754,Friday,2041-11-08, 05:43:30 am
1755,Saturday,2041-12-07, 06:42:18 pm
1756,Monday,2042-01-06, 09:54:00 am
1757,Wednesday,2042-02-05, 02:57:48 am
1758,Thursday,2042-03-06, 09:10:00 pm
1759,Saturday,2042-04-05, 03:16:00 pm
1760,Monday,2042-05-05, 07:48:36 am
1761,Tuesday,2042-06-03, 09:48:18 pm
1762,Thursday,2042-07-03, 09:09:24 am
1763,Friday,2042-08-01, 06:33:24 pm
1764,Sunday,2042-08-31, 03:02:24 am
1765,Monday,2042-09-29, 11:34:24 am
1766,Tuesday,2042-10-28, 08:48:30 pm
1767,Thursday,2042-11-27, 07:06:06 am
1768,Friday,2042-12-26, 06:42:48 pm
1769,Sunday,2043-01-25, 07:56:42 am
1770,Monday,2043-02-23, 10:58:00 pm
1771,Wednesday,2043-03-25, 03:26:24 pm
1772,Friday,2043-04-24, 08:23:06 am
1773,Sunday,2043-05-24, 12:37:00 am
1774,Monday,2043-06-22, 03:20:42 pm
1775,Wednesday,2043-07-22, 04:24:18 am
1776,Thursday,2043-08-20, 04:04:36 pm
1777,Saturday,2043-09-19, 02:47:06 am
1778,Sunday,2043-10-18, 12:55:48 pm
1779,Monday,2043-11-16, 10:52:36 pm
1780,Wednesday,2043-12-16, 09:02:06 am
1781,Thursday,2044-01-14, 07:51:12 pm
1782,Saturday,2044-02-13, 07:41:48 am
1783,Sunday,2044-03-13, 08:41:12 pm
1784,Tuesday,2044-04-12, 10:39:12 am
1785,Thursday,2044-05-12, 01:16:42 am
1786,Friday,2044-06-10, 04:16:12 pm
1787,Sunday,2044-07-10, 07:22:06 am
1788,Monday,2044-08-08, 10:14:00 pm
1789,Wednesday,2044-09-07, 12:24:30 pm
1790,Friday,2044-10-07, 01:30:06 am
1791,Saturday,2044-11-05, 01:26:48 pm
1792,Monday,2044-12-05, 12:34:00 am
1793,Tuesday,2045-01-03, 11:20:30 am
1794,Wednesday,2045-02-01, 10:05:36 pm
1795,Friday,2045-03-03, 08:52:42 am
1796,Saturday,2045-04-01, 07:43:06 pm
1797,Monday,2045-05-01, 06:52:18 am
1798,Tuesday,2045-05-30, 06:52:30 pm
1799,Thursday,2045-06-29, 08:15:54 am
1800,Friday,2045-07-28, 11:10:42 pm
1801,Sunday,2045-08-27, 03:07:48 pm
1802,Tuesday,2045-09-26, 07:11:36 am
1803,Wednesday,2045-10-25, 10:31:18 pm
1804,Friday,2045-11-24, 12:43:36 pm
1805,Sunday,2045-12-24, 01:49:18 am
1806,Monday,2046-01-22, 01:51:24 pm
1807,Wednesday,2046-02-21, 12:44:24 am
1808,Thursday,2046-03-22, 10:27:00 am
1809,Friday,2046-04-20, 07:21:12 pm
1810,Sunday,2046-05-20, 04:15:24 am
1811,Monday,2046-06-18, 02:10:06 pm
1812,Wednesday,2046-07-18, 01:55:06 am
1813,Thursday,2046-08-16, 03:50:12 pm
1814,Saturday,2046-09-15, 07:39:30 am
1815,Monday,2046-10-15, 12:41:24 am
1816,Tuesday,2046-11-13, 06:04:30 pm
1817,Thursday,2046-12-13, 10:55:30 am
1818,Saturday,2047-01-12, 02:21:24 am
1819,Sunday,2047-02-10, 03:39:54 pm
1820,Tuesday,2047-03-12, 02:37:06 am
1821,Wednesday,2047-04-10, 11:35:24 am
1822,Thursday,2047-05-09, 07:24:36 pm
1823,Saturday,2047-06-08, 03:05:00 am
1824,Sunday,2047-07-07, 11:33:54 am
1825,Monday,2047-08-05, 09:38:36 pm
1826,Wednesday,2047-09-04, 09:54:18 am
1827,Friday,2047-10-04, 12:42:06 am
1828,Saturday,2047-11-02, 05:58:12 pm
1829,Monday,2047-12-02, 12:55:12 pm
1830,Wednesday,2048-01-01, 07:57:12 am
1831,Friday,2048-01-31, 01:14:24 am
1832,Saturday,2048-02-29, 03:38:12 pm
1833,Monday,2048-03-30, 03:04:30 am
1834,Tuesday,2048-04-28, 12:13:00 pm
1835,Wednesday,2048-05-27, 07:57:18 pm
1836,Friday,2048-06-26, 03:08:12 am
1837,Saturday,2048-07-25, 10:34:00 am
1838,Sunday,2048-08-23, 07:07:12 pm
1839,Tuesday,2048-09-22, 05:46:36 am
1840,Wednesday,2048-10-21, 07:25:00 pm
1841,Friday,2048-11-20, 12:19:36 pm
1842,Sunday,2048-12-20, 07:39:18 am
1843,Tuesday,2049-01-19, 03:29:12 am
1844,Wednesday,2049-02-17, 09:47:30 pm
1845,Friday,2049-03-19, 01:23:24 pm
1846,Sunday,2049-04-18, 02:04:48 am
1847,Monday,2049-05-17, 12:13:48 pm
1848,Tuesday,2049-06-15, 08:26:54 pm
1849,Thursday,2049-07-15, 03:29:42 am
1850,Friday,2049-08-13, 10:19:36 am
1851,Saturday,2049-09-11, 06:04:24 pm
1852,Monday,2049-10-11, 03:53:18 am
1853,Tuesday,2049-11-09, 04:38:00 pm
1854,Thursday,2049-12-09, 08:28:06 am
1855,Saturday,2050-01-08, 02:39:06 am
1856,Sunday,2050-02-06, 09:47:30 pm
1857,Tuesday,2050-03-08, 04:23:18 pm
1858,Thursday,2050-04-07, 09:12:12 am
1859,Friday,2050-05-06, 11:26:12 pm
1860,Sunday,2050-06-05, 10:51:12 am
1861,Monday,2050-07-04, 07:51:00 pm
1862,Wednesday,2050-08-03, 03:20:30 am
1863,Thursday,2050-09-01, 10:30:54 am
1864,Friday,2050-09-30, 06:31:48 pm
1865,Sunday,2050-10-30, 04:16:00 am
1866,Monday,2050-11-28, 04:09:48 pm
1867,Wednesday,2050-12-28, 06:15:36 am
